PassengerId,Survived,Pclass,Name,Sex,Age,SibSp,Parch,Ticket,Fare,Embarked,FamilySize,IsAlone,Title,AgeBin
1,0,3,"Smith, Rev. Charles",male,21.8564672,0,0,47431,95.25,S,1,1,Rare,"(18, 35]"
2,1,1,"Taylor, Rev. Henry",male,15.79340577,2,2,74382,119.36,S,5,0,Rare,"(12, 18]"
3,1,3,"Garcia, Mrs. George",female,20.91011437,3,1,36237,74.63,S,5,0,Mrs,"(18, 35]"
4,0,3,"Johnson, Mr. Clara",male,12.86483627,2,2,26074,40.41,S,5,0,Mr,"(12, 18]"
5,0,2,"Smith, Dr. Margaret",male,30.47716856,2,2,27790,101.32,S,5,0,Rare,"(18, 35]"
6,0,3,"Taylor, Mr. James",male,19.22037477,3,0,19706,75.67,S,4,0,Mr,"(18, 35]"
7,0,3,"Martin, Mrs. Sarah",female,33.27300277,0,2,69250,71.84,C,3,0,Mrs,"(18, 35]"
8,1,3,"Taylor, Mr. Clara",male,8.217460953,0,1,32630,34.17,S,2,0,Mr,"(0, 12]"
9,0,3,"Jackson, Rev. Clara",male,34.63232325,3,2,68341,91.98,S,6,0,Rare,"(18, 35]"
10,1,1,"Martin, Mrs. Emma",female,41.66940546,3,2,21506,14.39,S,6,0,Mrs,"(35, 60]"
11,0,3,"Martinez, Miss. John",female,29.19588204,3,2,99381,111.29,S,6,0,Miss,"(18, 35]"
12,1,3,"Garcia, Col. Frank",male,35.23679198,2,0,51889,42.47,S,3,0,Rare,"(35, 60]"
13,1,1,"Anderson, Master. Anna",male,47.18736589,3,1,97535,19.69,C,5,0,Master,"(35, 60]"
14,0,3,"Martinez, Mrs. Joseph",female,13.06502574,1,0,55537,55.87,S,2,0,Mrs,"(12, 18]"
15,0,3,"Johnson, Miss. Charles",female,53.41601342,2,0,18511,9.88,Q,3,0,Miss,"(35, 60]"
16,0,3,"Thomas, Master. Charles",male,35.86626613,0,0,82089,83.73,S,1,1,Master,"(35, 60]"
17,0,3,"Martin, Col. Mary",male,20.12983402,0,0,81063,108.81,S,1,1,Rare,"(18, 35]"
18,0,2,"Garcia, Miss. William",female,32.67790217,0,0,48058,101.29,S,1,1,Miss,"(18, 35]"
19,0,1,"Johnson, Master. Clara",male,37.81657678,2,1,49315,19.65,S,4,0,Master,"(35, 60]"
20,0,2,"Harris, Master. James",male,31.06407548,1,2,30644,19.52,C,4,0,Master,"(18, 35]"
21,0,3,"Clark, Miss. Martha",female,29.19588204,3,0,93584,98.54,C,4,0,Miss,"(18, 35]"
22,0,1,"Martin, Col. Mary",male,17.1105697,3,0,32818,111.29,C,4,0,Rare,"(12, 18]"
23,0,2,"Smith, Mrs. James",female,32.37105154,0,1,57381,57.98,S,2,0,Mrs,"(18, 35]"
24,0,2,"Martinez, Rev. Thomas",male,10.20799704,0,1,76683,62.38,C,2,0,Rare,"(0, 12]"
25,0,3,"Robinson, Miss. James",female,28.44283514,2,2,39391,41.6,S,5,0,Miss,"(18, 35]"
26,1,3,"Jackson, Mrs. Charles",female,17.34529302,1,1,25907,107.84,S,3,0,Mrs,"(12, 18]"
27,0,2,"Thompson, Miss. Emma",female,19.7025808,3,2,36342,79.16,S,6,0,Miss,"(18, 35]"
28,0,2,"Brown, Col. Mary",male,47.30530445,2,0,28202,38.15,S,3,0,Rare,"(35, 60]"
29,0,3,"Taylor, Miss. Mary",female,45.27834169,3,0,41029,39.36,C,4,0,Miss,"(35, 60]"
30,0,3,"Garcia, Rev. Henry",male,38.52793369,0,2,74752,107.49,S,3,0,Rare,"(35, 60]"
31,0,1,"Martin, Rev. James",male,14.70762129,3,1,13445,6.57,S,5,0,Rare,"(12, 18]"
32,0,3,"Harris, Rev. Frank",male,25.5702817,1,2,57303,42.11,S,4,0,Rare,"(18, 35]"
33,0,1,"Brown, Rev. Thomas",male,46.9833678,1,1,82616,68.75,S,3,0,Rare,"(35, 60]"
34,1,1,"Anderson, Master. Elizabeth",male,31.98403679,0,0,85009,22.05,S,1,1,Master,"(18, 35]"
35,1,3,"Taylor, Rev. Clara",male,62.47061356,1,1,58353,15.59,S,3,0,Rare,"(60, 80]"
36,1,2,"Robinson, Rev. Anna",male,28.789262305,1,2,71263,98.76,S,4,0,Rare,"(18, 35]"
37,0,3,"Taylor, Col. William",male,31.006898200000002,2,2,82305,107.86,S,5,0,Rare,"(18, 35]"
38,0,2,"Martinez, Col. William",male,25.6723695,3,0,27009,99.71,S,4,0,Rare,"(18, 35]"
39,1,3,"Anderson, Miss. Elizabeth",female,31.86957267,0,1,90209,108.36,S,2,0,Miss,"(18, 35]"
40,0,3,"Clark, Mr. Joseph",male,27.86542229,0,1,21300,68.61,S,2,0,Mr,"(18, 35]"
41,0,1,"Taylor, Dr. Anna",male,39.91352147,0,1,18617,98.41,S,2,0,Rare,"(35, 60]"
42,0,3,"Jackson, Rev. Alice",male,31.006898200000002,0,0,50539,49.16,S,1,1,Rare,"(18, 35]"
43,0,1,"Brown, Rev. Emma",male,18.99614755,0,1,62187,81.62,S,2,0,Rare,"(18, 35]"
44,1,3,"Taylor, Miss. George",female,11.36273865,1,2,72739,118.72,S,4,0,Miss,"(0, 12]"
45,0,1,"Harris, Rev. Clara",male,4.293124777,2,1,78903,30.96,S,4,0,Rare,"(0, 12]"
46,1,2,"Jackson, Miss. Florence",female,37.11187858,0,0,63843,49.84,S,1,1,Miss,"(35, 60]"
47,0,1,"Thomas, Dr. Elizabeth",male,14.55286751,2,1,63665,60.21,S,4,0,Rare,"(12, 18]"
48,0,3,"Harris, Mrs. George",female,1.0,2,1,85353,20.87,S,4,0,Mrs,"(0, 12]"
49,0,3,"Martinez, Master. James",male,35.44010046,1,2,19666,14.32,C,4,0,Master,"(35, 60]"
50,0,3,"Brown, Mr. Charles",male,64.90199324,0,1,26426,100.42,S,2,0,Mr,"(60, 80]"
51,1,1,"Martinez, Rev. Frank",male,29.91500724,1,2,51553,117.33,Q,4,0,Rare,"(18, 35]"
52,1,3,"Martin, Rev. Margaret",male,31.006898200000002,0,2,94192,51.54,S,3,0,Rare,"(18, 35]"
53,1,1,"Jackson, Mr. Elizabeth",male,31.14561102,1,0,19720,15.08,S,2,0,Mr,"(18, 35]"
54,1,3,"Harris, Dr. Emma",male,28.61554486,2,2,68979,12.57,S,5,0,Rare,"(18, 35]"
55,0,1,"Robinson, Miss. Clara",female,42.86707076,0,2,71057,107.5,S,3,0,Miss,"(35, 60]"
56,1,1,"Thompson, Mr. Charles",male,30.369585,3,0,99143,58.34,S,4,0,Mr,"(18, 35]"
57,0,1,"Martinez, Dr. Henry",male,33.7434924,2,2,77811,41.8,S,5,0,Rare,"(18, 35]"
58,0,3,"Johnson, Rev. Anna",male,34.50376929,3,0,55156,59.79,S,4,0,Rare,"(18, 35]"
59,0,3,"Brown, Miss. Margaret",female,20.64673365,2,1,26821,41.6,S,4,0,Miss,"(18, 35]"
60,0,1,"Garcia, Master. John",male,30.369585,1,0,82260,61.24,S,2,0,Master,"(18, 35]"
61,0,3,"Harris, Rev. Henry",male,31.006898200000002,0,2,93859,103.85,S,3,0,Rare,"(18, 35]"
62,0,3,"Harris, Col. Frank",male,19.41956777,2,0,87042,73.11,S,3,0,Rare,"(18, 35]"
63,1,3,"Robinson, Mr. Robert",male,37.51113781,1,2,33850,84.89,S,4,0,Mr,"(35, 60]"
64,0,2,"Martin, Rev. Sarah",male,28.789262305,0,1,26912,46.94,C,2,0,Rare,"(18, 35]"
65,0,2,"Thomas, Mrs. George",female,30.3945362,0,0,66704,89.93,C,1,1,Mrs,"(18, 35]"
66,0,3,"Harris, Col. Frank",male,29.87233405,2,1,75911,81.66,Q,4,0,Rare,"(18, 35]"
67,0,1,"Clark, Col. Sarah",male,30.369585,0,2,17263,18.75,S,3,0,Rare,"(18, 35]"
68,1,1,"Thomas, Mr. Martha",male,36.64577526,2,2,26274,70.85,C,5,0,Mr,"(35, 60]"
69,0,3,"Johnson, Master. John",male,29.64962258,0,1,77908,34.53,C,2,0,Master,"(18, 35]"
70,1,3,"Taylor, Miss. Robert",female,41.44872819,3,0,30056,97.47,S,4,0,Miss,"(35, 60]"
71,1,2,"Clark, Mr. Thomas",male,49.46290569,1,0,49862,53.98,S,2,0,Mr,"(35, 60]"
72,0,2,"Johnson, Dr. James",male,37.80934429,3,2,31581,119.39,Q,6,0,Rare,"(35, 60]"
73,0,3,"Robinson, Rev. Alice",male,30.14493668,2,1,31229,15.64,S,4,0,Rare,"(18, 35]"
74,1,2,"Martinez, Mr. Clara",male,11.63429275,3,1,52291,94.74,S,5,0,Mr,"(0, 12]"
75,1,1,"Thompson, Mrs. George",female,15.08840872,2,0,39552,82.48,S,3,0,Mrs,"(12, 18]"
76,1,1,"Brown, Master. Clara",male,25.72685414,0,0,55353,93.26,S,1,1,Master,"(18, 35]"
77,1,3,"Robinson, Miss. Sarah",female,29.19588204,0,0,78012,40.37,C,1,1,Miss,"(18, 35]"
78,0,3,"Taylor, Dr. Margaret",male,27.38240176,2,1,47230,61.59,S,4,0,Rare,"(18, 35]"
79,0,1,"Garcia, Dr. Joseph",male,30.79309895,3,0,20336,96.6,S,4,0,Rare,"(18, 35]"
80,0,1,"Thompson, Miss. Elizabeth",female,37.41569856,0,0,42847,31.74,S,1,1,Miss,"(35, 60]"
81,1,1,"White, Rev. Mary",male,29.01301711,1,2,35729,30.99,S,4,0,Rare,"(18, 35]"
82,1,3,"Johnson, Dr. Emma",male,36.81102301,0,0,93238,68.37,S,1,1,Rare,"(35, 60]"
83,0,1,"Johnson, Mrs. Thomas",female,30.90264181,1,0,82199,65.21,S,2,0,Mrs,"(18, 35]"
84,0,1,"Martin, Miss. John",female,2.343468071,3,1,45972,37.46,C,5,0,Miss,"(0, 12]"
85,0,3,"Martin, Dr. Thomas",male,16.84930449,1,1,26406,39.28,S,3,0,Rare,"(12, 18]"
86,0,1,"Johnson, Mrs. John",female,27.98277422,1,2,91922,36.95,S,4,0,Mrs,"(18, 35]"
87,1,3,"Taylor, Rev. William",male,31.006898200000002,1,0,49691,93.72,S,2,0,Rare,"(18, 35]"
88,1,1,"Robinson, Mr. William",male,38.39900222,1,2,90534,79.97,S,4,0,Mr,"(35, 60]"
89,1,1,"Harris, Miss. James",female,51.43051165,0,1,79924,100.73,C,2,0,Miss,"(35, 60]"
90,0,2,"Thompson, Mrs. Henry",female,47.06266592,1,2,22245,117.18,C,4,0,Mrs,"(35, 60]"
91,0,3,"Harris, Master. Joseph",male,27.01179981,0,1,75873,59.53,C,2,0,Master,"(18, 35]"
92,1,3,"Martin, Mrs. Florence",female,29.19588204,1,2,94015,12.67,S,4,0,Mrs,"(18, 35]"
93,1,3,"Martinez, Master. Thomas",male,32.0813444,2,2,32103,10.53,S,5,0,Master,"(18, 35]"
94,0,2,"Taylor, Master. Margaret",male,25.2807964,3,0,87569,39.0,S,4,0,Master,"(18, 35]"
95,1,3,"Thompson, Mr. Charles",male,21.41236271,1,2,86106,112.24,S,4,0,Mr,"(18, 35]"
96,0,1,"Jackson, Master. Mary",male,25.76542439,2,0,30210,65.17,C,3,0,Master,"(18, 35]"
97,0,2,"Robinson, Master. Emma",male,24.56552454,1,0,32439,36.26,C,2,0,Master,"(18, 35]"
98,0,3,"Thompson, Rev. William",male,32.38582711,1,0,96341,50.9,C,2,0,Rare,"(18, 35]"
99,0,1,"Smith, Rev. Charles",male,32.24803573,1,0,91851,73.84,Q,2,0,Rare,"(18, 35]"
100,0,1,"Martinez, Master. Anna",male,30.04264428,2,2,89316,80.09,C,5,0,Master,"(18, 35]"
101,0,1,"Taylor, Col. Charles",male,36.11713438,3,1,54252,22.7,S,5,0,Rare,"(35, 60]"
102,1,1,"Harris, Mrs. Joseph",female,46.66904785,2,1,83874,117.36,S,4,0,Mrs,"(35, 60]"
103,0,1,"Jackson, Master. George",male,43.2937579,3,1,15399,67.65,S,5,0,Master,"(35, 60]"
104,0,3,"White, Mrs. Henry",female,9.211428442,1,2,13718,20.6,S,4,0,Mrs,"(0, 12]"
105,1,2,"White, Mrs. James",female,1.0,0,0,20646,107.77,S,1,1,Mrs,"(0, 12]"
106,0,3,"Johnson, Col. Clara",male,31.006898200000002,1,1,15958,13.58,S,3,0,Rare,"(18, 35]"
107,0,3,"Robinson, Mr. Clara",male,31.006898200000002,3,2,94076,109.39,C,6,0,Mr,"(18, 35]"
108,1,2,"Clark, Mr. James",male,26.85328437,2,0,85598,119.61,S,3,0,Mr,"(18, 35]"
109,0,2,"Brown, Col. Thomas",male,13.61841764,1,1,44688,85.55,C,3,0,Rare,"(12, 18]"
110,0,2,"White, Master. Alice",male,28.789262305,2,0,95344,93.6,C,3,0,Master,"(18, 35]"
111,0,3,"Clark, Mrs. Elizabeth",female,37.58047819,2,1,37631,43.79,S,4,0,Mrs,"(35, 60]"
112,0,2,"Jackson, Mr. Frank",male,40.62817224,2,1,84991,113.28,S,4,0,Mr,"(35, 60]"
113,1,3,"Anderson, Mr. Elizabeth",male,21.92885439,1,1,64602,65.92,S,3,0,Mr,"(18, 35]"
114,1,2,"Anderson, Col. Emma",male,1.0,2,0,91016,89.22,C,3,0,Rare,"(0, 12]"
115,1,3,"Thompson, Master. Clara",male,31.006898200000002,2,2,93753,111.27,C,5,0,Master,"(18, 35]"
116,1,2,"Brown, Rev. Alice",male,35.48525608,1,0,13969,117.15,C,2,0,Rare,"(35, 60]"
117,1,2,"Taylor, Mrs. Robert",female,9.295238037,2,1,75278,100.82,S,4,0,Mrs,"(0, 12]"
118,0,3,"Garcia, Mr. Florence",male,32.56703888,1,0,92203,39.85,S,2,0,Mr,"(18, 35]"
119,1,3,"Garcia, Dr. William",male,29.78566211,3,2,81509,116.15,S,6,0,Rare,"(18, 35]"
120,0,1,"Smith, Miss. William",female,38.11008099,3,0,47967,77.23,C,4,0,Miss,"(35, 60]"
121,1,3,"Harris, Dr. Alice",male,31.006898200000002,3,2,94136,112.02,S,6,0,Rare,"(18, 35]"
122,1,3,"Brown, Col. Sarah",male,16.37703483,2,2,49596,82.75,S,5,0,Rare,"(12, 18]"
123,0,3,"Johnson, Mr. Sarah",male,46.75200102,0,0,73300,40.33,S,1,1,Mr,"(35, 60]"
124,0,3,"Johnson, Col. Frank",male,27.78058598,0,1,42096,47.55,S,2,0,Rare,"(18, 35]"
125,0,2,"Thompson, Dr. James",male,29.61773645,2,2,99783,68.3,S,5,0,Rare,"(18, 35]"
126,0,1,"Jackson, Col. Thomas",male,16.93424857,0,0,63227,95.85,S,1,1,Rare,"(12, 18]"
127,1,2,"Taylor, Mr. Florence",male,28.789262305,1,2,48985,41.57,S,4,0,Mr,"(18, 35]"
128,1,3,"Smith, Dr. Martha",male,17.612762,0,1,69446,71.67,S,2,0,Rare,"(12, 18]"
129,0,3,"Jackson, Dr. James",male,27.57875516,2,0,19564,44.75,C,3,0,Rare,"(18, 35]"
130,0,2,"Martin, Rev. Florence",male,28.789262305,2,0,17852,98.81,C,3,0,Rare,"(18, 35]"
131,0,1,"Clark, Dr. Anna",male,10.793384,1,0,30719,58.67,S,2,0,Rare,"(0, 12]"
132,0,3,"Thompson, Miss. Joseph",female,7.41014043,3,1,67619,13.82,C,5,0,Miss,"(0, 12]"
133,0,3,"Taylor, Rev. Anna",male,50.59638458,2,2,64476,24.1,S,5,0,Rare,"(35, 60]"
134,0,3,"Brown, Miss. Elizabeth",female,27.06946852,1,0,73471,12.03,S,2,0,Miss,"(18, 35]"
135,1,1,"White, Rev. Robert",male,20.63298166,0,2,70875,62.42,C,3,0,Rare,"(18, 35]"
136,0,2,"Smith, Miss. James",female,44.55866562,0,2,36741,17.23,C,3,0,Miss,"(35, 60]"
137,0,1,"Martin, Master. Martha",male,21.52138244,1,1,54589,18.13,C,3,0,Master,"(18, 35]"
138,1,3,"Harris, Mr. James",male,55.56413599,1,0,89516,113.22,S,2,0,Mr,"(35, 60]"
139,0,1,"Anderson, Mrs. Sarah",female,39.4909622,2,2,28830,105.36,S,5,0,Mrs,"(35, 60]"
140,1,3,"Clark, Mrs. Mary",female,23.16924029,0,0,50970,56.99,C,1,1,Mrs,"(18, 35]"
141,1,2,"Thomas, Mr. Thomas",male,60.20231499,1,0,51853,118.37,S,2,0,Mr,"(60, 80]"
142,0,3,"White, Miss. Frank",female,29.19588204,0,1,55268,5.02,S,2,0,Miss,"(18, 35]"
143,0,3,"Garcia, Col. Clara",male,40.38933521,1,0,62260,75.61,C,2,0,Rare,"(35, 60]"
144,0,3,"Martinez, Miss. Martha",female,29.19588204,0,0,27139,75.89,C,1,1,Miss,"(18, 35]"
145,0,1,"Smith, Rev. Sarah",male,48.22437805,3,2,58567,57.61,C,6,0,Rare,"(35, 60]"
146,0,1,"Anderson, Rev. Clara",male,30.369585,2,1,77499,50.65,S,4,0,Rare,"(18, 35]"
147,0,1,"Clark, Rev. Charles",male,30.44805809,0,0,83616,57.37,C,1,1,Rare,"(18, 35]"
148,0,3,"Johnson, Mrs. Henry",female,19.45214982,3,2,23917,52.72,S,6,0,Mrs,"(18, 35]"
149,0,3,"Brown, Mr. Clara",male,36.43961,0,1,51827,89.01,S,2,0,Mr,"(35, 60]"
150,0,3,"Martin, Miss. Robert",female,29.19588204,0,1,41685,20.57,S,2,0,Miss,"(18, 35]"
151,1,3,"Taylor, Mrs. Anna",female,58.18742147,3,2,71141,27.73,S,6,0,Mrs,"(35, 60]"
152,0,3,"Harris, Rev. Henry",male,31.006898200000002,0,2,26059,25.76,S,3,0,Rare,"(18, 35]"
153,0,1,"Clark, Master. Henry",male,24.88549828,0,2,45058,35.18,S,3,0,Master,"(18, 35]"
154,0,3,"Johnson, Col. William",male,32.58552428,2,2,68929,65.4,S,5,0,Rare,"(18, 35]"
155,1,2,"Robinson, Rev. Margaret",male,11.14023195,3,2,42495,17.79,S,6,0,Rare,"(0, 12]"
156,0,2,"Smith, Miss. William",female,16.39740346,3,0,28465,104.84,S,4,0,Miss,"(12, 18]"
157,1,3,"Thompson, Miss. George",female,46.80579471,1,0,22689,39.2,S,2,0,Miss,"(35, 60]"
158,1,1,"Garcia, Miss. Frank",female,20.80348009,0,1,16632,23.69,S,2,0,Miss,"(18, 35]"
159,0,1,"Garcia, Master. Clara",male,15.34324624,2,0,48038,82.7,C,3,0,Master,"(12, 18]"
160,1,3,"Smith, Master. Clara",male,37.51313854,0,0,60351,9.38,C,1,1,Master,"(35, 60]"
161,0,1,"Clark, Mr. James",male,46.59985817,0,0,90658,76.3,S,1,1,Mr,"(35, 60]"
162,1,3,"Harris, Rev. George",male,40.06534635,1,2,64805,85.29,C,4,0,Rare,"(35, 60]"
163,1,2,"Martin, Mr. Mary",male,43.9446676,0,1,42541,29.72,S,2,0,Mr,"(35, 60]"
164,0,2,"Jackson, Dr. George",male,19.40486876,2,1,30932,9.83,S,4,0,Rare,"(18, 35]"
165,0,2,"Anderson, Mrs. William",female,32.67790217,2,1,52917,46.82,C,4,0,Mrs,"(18, 35]"
166,1,2,"Clark, Miss. William",female,51.01867113,1,1,85718,16.34,S,3,0,Miss,"(35, 60]"
167,0,3,"Thompson, Miss. Joseph",female,25.48248226,0,0,50988,18.39,S,1,1,Miss,"(18, 35]"
168,0,2,"Thomas, Mrs. Charles",female,26.48833777,2,0,34881,34.24,S,3,0,Mrs,"(18, 35]"
169,0,3,"Clark, Col. Clara",male,48.59471799,0,2,30885,38.98,C,3,0,Rare,"(35, 60]"
170,0,3,"Martin, Col. Margaret",male,37.78722013,0,1,75308,65.95,S,2,0,Rare,"(35, 60]"
171,1,3,"Clark, Rev. George",male,36.38242881,0,0,77466,83.02,S,1,1,Rare,"(35, 60]"
172,0,3,"Martinez, Mrs. Frank",female,29.19588204,1,0,71186,73.17,S,2,0,Mrs,"(18, 35]"
173,0,3,"Clark, Col. Frank",male,20.99074477,0,2,75373,22.06,C,3,0,Rare,"(18, 35]"
174,0,1,"Brown, Master. John",male,30.369585,2,2,50441,24.79,S,5,0,Master,"(18, 35]"
175,1,1,"Martinez, Rev. Anna",male,30.79818375,0,2,75191,106.06,Q,3,0,Rare,"(18, 35]"
176,0,2,"Anderson, Master. Thomas",male,28.789262305,2,0,13037,69.21,S,3,0,Master,"(18, 35]"
177,1,3,"Jackson, Mrs. Charles",female,51.39855797,0,0,21802,105.04,S,1,1,Mrs,"(35, 60]"
178,0,1,"Robinson, Col. William",male,30.369585,2,2,61543,47.73,S,5,0,Rare,"(18, 35]"
179,1,3,"Taylor, Master. Thomas",male,37.53614511,2,1,76249,75.66,S,4,0,Master,"(35, 60]"
180,0,3,"Thomas, Col. Emma",male,31.006898200000002,0,2,69930,65.22,C,3,0,Rare,"(18, 35]"
181,0,2,"Taylor, Miss. Thomas",female,24.89066179,0,2,41552,41.7,S,3,0,Miss,"(18, 35]"
182,0,3,"Jackson, Mr. Joseph",male,18.25106466,2,2,38199,59.04,S,5,0,Mr,"(18, 35]"
183,1,1,"Robinson, Miss. Henry",female,15.37267128,3,2,86460,62.79,S,6,0,Miss,"(12, 18]"
184,1,1,"Thomas, Mr. Henry",male,30.369585,1,0,56254,28.09,S,2,0,Mr,"(18, 35]"
185,0,3,"Jackson, Rev. Sarah",male,58.78689982,3,1,16377,41.23,C,5,0,Rare,"(35, 60]"
186,1,3,"Thomas, Rev. Clara",male,31.006898200000002,3,2,16624,96.01,S,6,0,Rare,"(18, 35]"
187,1,3,"Clark, Mr. Charles",male,26.90244927,0,1,46877,110.32,S,2,0,Mr,"(18, 35]"
188,0,2,"Martin, Miss. Frank",female,26.1246138,1,1,74866,46.38,S,3,0,Miss,"(18, 35]"
189,0,2,"Johnson, Miss. William",female,34.30369377,3,1,88317,40.3,C,5,0,Miss,"(18, 35]"
190,0,3,"Thomas, Dr. Margaret",male,41.42032098,0,2,95755,27.45,S,3,0,Rare,"(35, 60]"
191,0,3,"Jackson, Rev. Anna",male,42.04662884,3,0,98148,83.03,S,4,0,Rare,"(35, 60]"
192,1,3,"Johnson, Dr. Sarah",male,21.83691586,3,2,71680,42.16,S,6,0,Rare,"(18, 35]"
193,1,2,"Taylor, Master. Florence",male,27.66029601,0,1,47453,118.59,S,2,0,Master,"(18, 35]"
194,1,3,"Garcia, Miss. William",female,33.95611931,0,1,80345,42.45,C,2,0,Miss,"(18, 35]"
195,0,2,"Harris, Master. John",male,26.51832423,0,0,11071,50.33,S,1,1,Master,"(18, 35]"
196,0,1,"Thompson, Col. Clara",male,52.50283806,1,2,24089,74.38,S,4,0,Rare,"(35, 60]"
197,1,3,"Thomas, Rev. Joseph",male,36.87364932,3,1,66482,97.19,S,5,0,Rare,"(35, 60]"
198,1,1,"Thompson, Master. James",male,40.288289,0,0,27555,58.99,S,1,1,Master,"(35, 60]"
199,1,3,"Thomas, Miss. Martha",female,39.28033776,2,1,44664,53.61,S,4,0,Miss,"(35, 60]"
200,1,2,"Garcia, Rev. Charles",male,28.789262305,3,0,57943,119.5,S,4,0,Rare,"(18, 35]"
201,1,1,"Anderson, Miss. Sarah",female,28.566028430000003,2,0,62855,6.21,S,3,0,Miss,"(18, 35]"
202,0,3,"Thomas, Rev. Margaret",male,11.84435273,1,2,57964,107.93,S,4,0,Rare,"(0, 12]"
203,0,3,"Harris, Master. Robert",male,35.59563132,0,1,15930,22.15,S,2,0,Master,"(35, 60]"
204,1,3,"Jackson, Mrs. Joseph",female,20.88100349,2,2,62505,95.38,S,5,0,Mrs,"(18, 35]"
205,0,3,"Thompson, Rev. Elizabeth",male,22.59936646,1,1,16705,76.06,S,3,0,Rare,"(18, 35]"
206,0,3,"Martin, Rev. Frank",male,38.20909626,0,2,84747,44.31,S,3,0,Rare,"(35, 60]"
207,0,3,"Jackson, Dr. Robert",male,31.006898200000002,2,1,83638,105.5,S,4,0,Rare,"(18, 35]"
208,1,3,"Anderson, Dr. John",male,30.29780207,2,2,35513,6.48,S,5,0,Rare,"(18, 35]"
209,0,2,"Jackson, Miss. Joseph",female,34.32366218,1,0,57516,31.07,S,2,0,Miss,"(18, 35]"
210,0,3,"Martin, Col. Florence",male,53.83100922,0,1,82512,70.19,S,2,0,Rare,"(35, 60]"
211,0,1,"White, Rev. Anna",male,33.37054451,0,1,47827,45.43,C,2,0,Rare,"(18, 35]"
212,1,3,"Thompson, Master. Emma",male,66.4235636,2,0,19637,75.19,Q,3,0,Master,"(60, 80]"
213,1,3,"White, Mrs. Sarah",female,37.91713504,2,2,60639,7.77,C,5,0,Mrs,"(35, 60]"
214,0,1,"Thompson, Col. Frank",male,5.349321372,2,1,76093,18.39,S,4,0,Rare,"(0, 12]"
215,1,3,"Harris, Mr. Robert",male,31.006898200000002,0,1,69028,19.62,C,2,0,Mr,"(18, 35]"
216,0,3,"Thomas, Rev. Martha",male,35.33621739,1,2,82070,26.77,S,4,0,Rare,"(35, 60]"
217,0,1,"Thompson, Mr. Thomas",male,48.05653856,1,0,46663,57.82,S,2,0,Mr,"(35, 60]"
218,1,3,"Martinez, Miss. Thomas",female,39.42453892,0,2,91689,91.49,S,3,0,Miss,"(35, 60]"
219,1,3,"Smith, Mrs. George",female,28.06161622,3,2,99181,109.14,C,6,0,Mrs,"(18, 35]"
220,1,1,"White, Mr. Thomas",male,30.369585,1,2,90090,101.07,S,4,0,Mr,"(18, 35]"
221,1,3,"White, Dr. James",male,27.0736744,2,1,25572,27.64,S,4,0,Rare,"(18, 35]"
222,0,2,"Taylor, Master. Florence",male,18.09271364,3,0,26864,55.73,C,4,0,Master,"(18, 35]"
223,0,3,"White, Rev. Elizabeth",male,21.8726717,3,0,22672,27.93,C,4,0,Rare,"(18, 35]"
224,0,3,"Brown, Master. Thomas",male,31.006898200000002,1,2,61629,35.41,S,4,0,Master,"(18, 35]"
225,0,3,"Clark, Rev. John",male,53.37866306,3,1,58915,62.91,S,5,0,Rare,"(35, 60]"
226,0,3,"Martinez, Col. Charles",male,35.52540142,3,2,54444,12.83,S,6,0,Rare,"(35, 60]"
227,1,3,"Brown, Master. Thomas",male,13.25763713,1,1,83116,30.09,C,3,0,Master,"(12, 18]"
228,0,3,"White, Col. Sarah",male,36.22443736,1,1,57920,112.57,S,3,0,Rare,"(35, 60]"
229,1,2,"Taylor, Mr. Clara",male,28.789262305,3,1,28909,58.6,S,5,0,Mr,"(18, 35]"
230,1,3,"White, Col. Charles",male,21.46303934,2,1,36090,56.22,C,4,0,Rare,"(18, 35]"
231,1,1,"Thompson, Mrs. Emma",female,28.12375967,0,0,88966,6.68,S,1,1,Mrs,"(18, 35]"
232,0,3,"Martin, Dr. Clara",male,31.006898200000002,3,1,76731,33.45,S,5,0,Rare,"(18, 35]"
233,0,1,"Martin, Miss. Emma",female,19.01142362,3,1,62610,104.62,S,5,0,Miss,"(18, 35]"
234,0,1,"Jackson, Col. Sarah",male,30.369585,2,2,75546,23.93,S,5,0,Rare,"(18, 35]"
235,0,1,"White, Col. Clara",male,28.30672592,3,2,15276,52.74,S,6,0,Rare,"(18, 35]"
236,1,3,"White, Mrs. Alice",female,35.87345421,3,0,15938,6.65,S,4,0,Mrs,"(35, 60]"
237,0,2,"Robinson, Miss. Thomas",female,17.57510951,0,2,15100,60.01,S,3,0,Miss,"(12, 18]"
238,0,3,"Martinez, Rev. Henry",male,23.8755838,0,1,27961,7.42,S,2,0,Rare,"(18, 35]"
239,1,1,"White, Col. Sarah",male,40.11333901,0,2,53652,99.26,S,3,0,Rare,"(35, 60]"
240,0,2,"Anderson, Rev. Thomas",male,24.78033587,1,0,72094,99.86,Q,2,0,Rare,"(18, 35]"
241,1,3,"Garcia, Master. James",male,54.17749392,1,2,78069,95.59,S,4,0,Master,"(35, 60]"
242,1,3,"Anderson, Miss. Thomas",female,24.4050934,0,2,69898,37.59,S,3,0,Miss,"(18, 35]"
243,1,2,"Clark, Miss. Anna",female,32.67790217,0,0,29521,101.28,S,1,1,Miss,"(18, 35]"
244,0,3,"Brown, Dr. James",male,43.05627165,1,0,89463,67.44,S,2,0,Rare,"(35, 60]"
245,0,3,"Jackson, Mrs. Thomas",female,10.14287974,2,1,77568,47.99,C,4,0,Mrs,"(0, 12]"
246,1,3,"Garcia, Rev. George",male,31.006898200000002,3,2,28321,76.91,S,6,0,Rare,"(18, 35]"
247,0,1,"Jackson, Mrs. James",female,8.640811596,3,1,52987,6.42,Q,5,0,Mrs,"(0, 12]"
248,1,1,"Harris, Master. Anna",male,47.67617745,0,2,90356,21.44,S,3,0,Master,"(35, 60]"
249,1,3,"Smith, Master. Margaret",male,22.27398596,2,2,51750,90.36,S,5,0,Master,"(18, 35]"
250,1,1,"Jackson, Mrs. Margaret",female,28.566028430000003,1,1,31299,33.08,C,3,0,Mrs,"(18, 35]"
251,0,3,"Garcia, Col. Florence",male,22.10053362,0,2,61505,73.77,C,3,0,Rare,"(18, 35]"
252,0,3,"Jackson, Mr. Florence",male,32.58371824,2,2,90805,49.29,S,5,0,Mr,"(18, 35]"
253,1,3,"Thomas, Master. John",male,31.006898200000002,2,2,49221,103.3,S,5,0,Master,"(18, 35]"
254,0,3,"Robinson, Miss. Elizabeth",female,58.08530043,2,0,87820,114.53,S,3,0,Miss,"(35, 60]"
255,0,3,"Harris, Col. Margaret",male,58.86105007,1,1,54089,106.61,S,3,0,Rare,"(35, 60]"
256,0,2,"Martinez, Rev. Clara",male,46.91712723,1,0,76494,36.12,S,2,0,Rare,"(35, 60]"
257,1,3,"White, Dr. Thomas",male,44.33687536,3,1,76809,27.33,S,5,0,Rare,"(35, 60]"
258,1,2,"Jackson, Mrs. Henry",female,32.67790217,3,1,79774,59.56,S,5,0,Mrs,"(18, 35]"
259,0,3,"Jackson, Master. John",male,31.006898200000002,2,2,74205,5.84,S,5,0,Master,"(18, 35]"
260,0,3,"Garcia, Miss. Elizabeth",female,22.28339997,2,1,83783,7.97,S,4,0,Miss,"(18, 35]"
261,0,3,"Clark, Mrs. Emma",female,29.19588204,1,0,49294,68.63,S,2,0,Mrs,"(18, 35]"
262,1,3,"Harris, Mrs. Martha",female,29.9527576,3,0,72245,64.85,Q,4,0,Mrs,"(18, 35]"
263,0,3,"Martin, Mr. Elizabeth",male,27.61741528,2,0,12180,119.38,S,3,0,Mr,"(18, 35]"
264,0,2,"Johnson, Dr. John",male,28.789262305,3,1,58281,28.21,S,5,0,Rare,"(18, 35]"
265,1,2,"Brown, Rev. Margaret",male,39.74942426,3,0,53416,34.68,S,4,0,Rare,"(35, 60]"
266,1,3,"Brown, Col. Emma",male,43.37427292,2,1,98317,18.06,C,4,0,Rare,"(35, 60]"
267,1,1,"Jackson, Mr. Henry",male,31.23769641,1,0,24366,110.52,S,2,0,Mr,"(18, 35]"
268,1,1,"White, Miss. Joseph",female,28.566028430000003,2,0,64596,94.45,S,3,0,Miss,"(18, 35]"
269,0,2,"Martinez, Miss. Anna",female,32.67790217,2,1,86507,99.57,S,4,0,Miss,"(18, 35]"
270,0,2,"Martinez, Master. Henry",male,27.28876757,3,0,50327,108.82,S,4,0,Master,"(18, 35]"
271,1,2,"Anderson, Col. Margaret",male,19.96448751,2,2,92478,65.36,S,5,0,Rare,"(18, 35]"
272,1,1,"White, Col. James",male,3.868487361,1,1,13492,56.89,Q,3,0,Rare,"(0, 12]"
273,1,1,"Smith, Mr. Clara",male,28.8424704,2,1,88238,43.0,S,4,0,Mr,"(18, 35]"
274,1,1,"Thompson, Miss. Thomas",female,28.29553488,1,1,72205,72.76,S,3,0,Miss,"(18, 35]"
275,0,3,"Martinez, Mr. William",male,31.006898200000002,1,2,44803,57.24,S,4,0,Mr,"(18, 35]"
276,0,2,"Taylor, Mr. Thomas",male,38.83136358,3,1,95929,56.93,S,5,0,Mr,"(35, 60]"
277,1,2,"Martin, Col. John",male,15.66138446,0,0,85821,112.75,S,1,1,Rare,"(12, 18]"
278,1,3,"Brown, Mrs. Thomas",female,55.95729593,0,0,85711,118.16,S,1,1,Mrs,"(35, 60]"
279,1,1,"Martin, Master. Charles",male,47.09447174,3,0,39824,96.6,S,4,0,Master,"(35, 60]"
280,1,3,"Garcia, Mrs. Emma",female,38.14936785,2,1,16731,92.03,Q,4,0,Mrs,"(35, 60]"
281,1,3,"Brown, Miss. Mary",female,26.82922262,3,0,86483,83.26,Q,4,0,Miss,"(18, 35]"
282,0,1,"Garcia, Dr. Martha",male,16.56785069,1,1,72973,24.1,S,3,0,Rare,"(12, 18]"
283,0,2,"Martinez, Rev. Charles",male,24.78910514,0,0,32349,11.8,S,1,1,Rare,"(18, 35]"
284,0,3,"Anderson, Col. Frank",male,31.006898200000002,3,2,78712,84.43,S,6,0,Rare,"(18, 35]"
285,0,3,"Smith, Mr. Florence",male,31.006898200000002,2,2,92447,88.81,S,5,0,Mr,"(18, 35]"
286,0,3,"Thompson, Miss. Florence",female,51.6054094,3,2,91230,10.4,S,6,0,Miss,"(35, 60]"
287,0,3,"Garcia, Master. Elizabeth",male,23.15610809,0,2,59832,111.73,S,3,0,Master,"(18, 35]"
288,0,1,"Martin, Mrs. James",female,28.566028430000003,3,1,29369,15.48,C,5,0,Mrs,"(18, 35]"
289,0,3,"Johnson, Rev. Thomas",male,31.006898200000002,3,0,99224,37.88,C,4,0,Rare,"(18, 35]"
290,0,1,"Robinson, Rev. Robert",male,5.241848882,0,2,41745,82.32,S,3,0,Rare,"(0, 12]"
291,0,3,"Martinez, Rev. Martha",male,31.006898200000002,1,1,14138,24.54,S,3,0,Rare,"(18, 35]"
292,0,3,"Martinez, Mr. Florence",male,27.93356379,1,2,85047,11.37,S,4,0,Mr,"(18, 35]"
293,1,3,"Harris, Mr. Mary",male,23.47548897,0,2,24404,43.08,S,3,0,Mr,"(18, 35]"
294,0,3,"Johnson, Master. Mary",male,7.674157058,3,1,35006,93.09,S,5,0,Master,"(0, 12]"
295,0,1,"Smith, Dr. Anna",male,30.369585,0,1,12482,52.57,S,2,0,Rare,"(18, 35]"
296,0,1,"Robinson, Col. Margaret",male,30.369585,1,0,67807,80.09,S,2,0,Rare,"(18, 35]"
297,1,1,"Jackson, Master. Charles",male,13.6211643,2,0,51116,71.66,S,3,0,Master,"(12, 18]"
298,0,1,"Garcia, Miss. Emma",female,28.566028430000003,3,2,64890,7.56,Q,6,0,Miss,"(18, 35]"
299,1,3,"Brown, Mrs. Margaret",female,29.61479133,1,2,29848,118.68,S,4,0,Mrs,"(18, 35]"
300,0,2,"Thompson, Rev. Sarah",male,28.789262305,3,0,64127,9.76,S,4,0,Rare,"(18, 35]"
301,0,1,"Martinez, Miss. Martha",female,53.257629,0,0,36724,116.3,S,1,1,Miss,"(35, 60]"
302,0,3,"White, Dr. Alice",male,23.60065241,2,1,63788,68.23,S,4,0,Rare,"(18, 35]"
303,0,3,"Anderson, Master. Florence",male,21.56903115,0,0,75774,115.76,S,1,1,Master,"(18, 35]"
304,1,3,"Robinson, Miss. Thomas",female,36.56283959,2,0,90147,18.2,Q,3,0,Miss,"(35, 60]"
305,1,3,"Clark, Mr. Henry",male,16.02260385,3,2,71814,61.4,C,6,0,Mr,"(12, 18]"
306,1,1,"Martinez, Master. Thomas",male,34.2250866,3,0,18163,24.49,S,4,0,Master,"(18, 35]"
307,0,2,"Martin, Master. Florence",male,40.7251239,0,2,28098,10.86,S,3,0,Master,"(35, 60]"
308,0,3,"Thomas, Rev. Elizabeth",male,31.006898200000002,2,0,77984,76.02,S,3,0,Rare,"(18, 35]"
309,1,3,"Robinson, Mr. Alice",male,28.59784293,2,1,37176,28.9,S,4,0,Mr,"(18, 35]"
310,0,1,"White, Miss. Frank",female,27.1485675,3,0,83516,72.59,C,4,0,Miss,"(18, 35]"
311,0,3,"Martinez, Mrs. Mary",female,17.70824379,0,0,52604,17.92,S,1,1,Mrs,"(12, 18]"
312,0,1,"Anderson, Miss. Anna",female,18.42367504,2,0,96799,43.18,S,3,0,Miss,"(18, 35]"
313,0,1,"Harris, Dr. Henry",male,26.82929551,3,2,72701,94.89,S,6,0,Rare,"(18, 35]"
314,1,3,"Taylor, Mr. Sarah",male,35.1431171,1,1,78875,55.26,S,3,0,Mr,"(35, 60]"
315,1,3,"Garcia, Mr. Thomas",male,42.79018477,0,0,59391,77.19,Q,1,1,Mr,"(35, 60]"
316,1,3,"Harris, Master. Alice",male,31.006898200000002,1,2,51124,79.46,S,4,0,Master,"(18, 35]"
317,0,1,"Garcia, Col. Thomas",male,50.89763997,0,1,32699,102.03,C,2,0,Rare,"(35, 60]"
318,0,3,"White, Master. Alice",male,26.20426959,3,2,70249,42.37,S,6,0,Master,"(18, 35]"
319,0,2,"Johnson, Col. John",male,28.789262305,2,2,79878,84.04,C,5,0,Rare,"(18, 35]"
320,0,1,"Jackson, Miss. Thomas",female,19.53903649,2,1,54869,115.59,S,4,0,Miss,"(18, 35]"
321,0,3,"Anderson, Rev. Thomas",male,31.006898200000002,2,0,81601,88.98,S,3,0,Rare,"(18, 35]"
322,1,3,"Thomas, Rev. Florence",male,42.37663555,0,2,56437,61.34,C,3,0,Rare,"(35, 60]"
323,1,3,"Harris, Master. Clara",male,40.31581456,3,2,98587,77.53,S,6,0,Master,"(35, 60]"
324,0,3,"Garcia, Miss. Margaret",female,26.0614142,1,0,99226,90.06,S,2,0,Miss,"(18, 35]"
325,1,3,"Thomas, Dr. Anna",male,30.93787004,3,0,94319,75.41,S,4,0,Rare,"(18, 35]"
326,1,3,"Anderson, Rev. Emma",male,37.22314905,1,1,44650,6.92,C,3,0,Rare,"(35, 60]"
327,0,1,"Taylor, Miss. Henry",female,8.124358004,0,1,89963,27.4,S,2,0,Miss,"(0, 12]"
328,0,2,"Thomas, Mr. Joseph",male,28.789262305,0,1,73462,98.2,Q,2,0,Mr,"(18, 35]"
329,0,2,"Martinez, Mr. Clara",male,41.11970551,1,0,35200,36.35,S,2,0,Mr,"(35, 60]"
330,0,2,"Taylor, Rev. Frank",male,28.789262305,1,2,42311,89.13,S,4,0,Rare,"(18, 35]"
331,0,3,"Anderson, Mrs. Alice",female,34.10981105,1,2,46569,47.79,C,4,0,Mrs,"(18, 35]"
332,1,3,"Martinez, Rev. Florence",male,11.00785474,3,1,83149,65.02,S,5,0,Rare,"(0, 12]"
333,0,1,"Anderson, Dr. Martha",male,36.53001975,1,0,49124,12.82,C,2,0,Rare,"(35, 60]"
334,0,1,"Anderson, Mr. Joseph",male,30.369585,0,2,39473,25.84,S,3,0,Mr,"(18, 35]"
335,0,3,"Brown, Mrs. Mary",female,7.388154577,0,1,49008,115.08,S,2,0,Mrs,"(0, 12]"
336,0,1,"Garcia, Miss. John",female,28.566028430000003,2,2,47880,107.37,S,5,0,Miss,"(18, 35]"
337,1,3,"Anderson, Dr. George",male,19.71571792,1,2,37168,80.01,S,4,0,Rare,"(18, 35]"
338,1,3,"Harris, Mr. William",male,31.006898200000002,3,0,74094,57.86,C,4,0,Mr,"(18, 35]"
339,0,3,"Thompson, Miss. George",female,32.80796876,3,0,51555,82.71,C,4,0,Miss,"(18, 35]"
340,0,3,"Johnson, Col. Alice",male,31.006898200000002,3,2,72888,76.14,S,6,0,Rare,"(18, 35]"
341,0,3,"Martin, Col. John",male,15.77849453,2,1,55718,70.38,S,4,0,Rare,"(12, 18]"
342,0,2,"White, Miss. Alice",female,30.8635179,0,0,83464,11.81,S,1,1,Miss,"(18, 35]"
343,0,3,"Brown, Master. Anna",male,36.003431,3,2,45842,77.77,C,6,0,Master,"(35, 60]"
344,0,3,"Robinson, Mr. Henry",male,31.006898200000002,0,0,47721,93.43,S,1,1,Mr,"(18, 35]"
345,0,2,"Robinson, Master. Charles",male,32.47018177,2,0,25974,119.32,S,3,0,Master,"(18, 35]"
346,0,3,"White, Mr. Elizabeth",male,24.86161025,1,0,85166,6.27,S,2,0,Mr,"(18, 35]"
347,1,3,"Thompson, Mr. Florence",male,18.41373691,1,2,98686,88.97,C,4,0,Mr,"(18, 35]"
348,0,3,"Brown, Rev. William",male,31.20601436,1,1,81197,70.76,S,3,0,Rare,"(18, 35]"
349,0,3,"Anderson, Mrs. Florence",female,14.99005383,3,1,59767,54.92,S,5,0,Mrs,"(12, 18]"
350,1,3,"Johnson, Mr. Thomas",male,1.0,1,1,61712,19.67,S,3,0,Mr,"(0, 12]"
351,0,3,"Martin, Dr. Margaret",male,36.11183726,3,0,55237,52.04,S,4,0,Rare,"(35, 60]"
352,1,3,"Taylor, Dr. Martha",male,42.65508778,2,2,29198,45.75,C,5,0,Rare,"(35, 60]"
353,1,3,"Jackson, Col. Sarah",male,31.006898200000002,2,0,48070,39.83,Q,3,0,Rare,"(18, 35]"
354,0,3,"Anderson, Master. Emma",male,15.86377013,3,1,15513,89.05,S,5,0,Master,"(12, 18]"
355,0,3,"Jackson, Col. Florence",male,38.66815965,0,1,47700,85.58,S,2,0,Rare,"(35, 60]"
356,1,3,"Martin, Miss. Florence",female,58.80493658,1,2,20358,72.74,S,4,0,Miss,"(35, 60]"
357,0,1,"Garcia, Mr. Martha",male,30.29111191,1,0,55398,112.95,S,2,0,Mr,"(18, 35]"
358,0,3,"Thompson, Mr. Joseph",male,19.80795882,1,1,67983,45.23,C,3,0,Mr,"(18, 35]"
359,1,3,"Thompson, Mrs. Henry",female,27.43944982,3,2,95979,33.04,S,6,0,Mrs,"(18, 35]"
360,0,1,"Taylor, Mr. Frank",male,49.24826987,2,0,43612,80.43,S,3,0,Mr,"(35, 60]"
361,0,3,"Johnson, Mrs. Clara",female,20.95650149,1,0,72793,27.86,S,2,0,Mrs,"(18, 35]"
362,1,1,"Jackson, Mrs. John",female,18.81131191,2,1,38047,41.23,S,4,0,Mrs,"(18, 35]"
363,0,2,"White, Master. Martha",male,28.789262305,1,1,36485,30.83,S,3,0,Master,"(18, 35]"
364,0,3,"Taylor, Miss. William",female,16.65339948,1,0,80592,12.95,S,2,0,Miss,"(12, 18]"
365,1,1,"Garcia, Miss. Robert",female,31.71738442,3,0,45537,100.16,S,4,0,Miss,"(18, 35]"
366,0,3,"Johnson, Col. Emma",male,31.006898200000002,0,1,83664,34.27,C,2,0,Rare,"(18, 35]"
367,1,3,"Clark, Rev. Thomas",male,34.52310982,3,0,45601,59.4,S,4,0,Rare,"(18, 35]"
368,1,3,"Thompson, Miss. Florence",female,26.46705097,1,1,27992,9.98,S,3,0,Miss,"(18, 35]"
369,0,1,"Jackson, Col. Joseph",male,25.91464224,1,0,24316,85.42,Q,2,0,Rare,"(18, 35]"
370,0,2,"Taylor, Mr. Clara",male,28.789262305,0,1,90698,43.01,S,2,0,Mr,"(18, 35]"
371,0,3,"Clark, Rev. George",male,42.36353688,2,2,86917,90.64,C,5,0,Rare,"(35, 60]"
372,0,3,"Johnson, Miss. George",female,28.91027924,2,1,41363,52.43,S,4,0,Miss,"(18, 35]"
373,0,3,"Martinez, Mr. Frank",male,27.47328121,1,1,41779,27.51,S,3,0,Mr,"(18, 35]"
374,1,2,"Garcia, Miss. Martha",female,32.67790217,2,2,16653,64.02,S,5,0,Miss,"(18, 35]"
375,0,3,"Clark, Col. Florence",male,34.18254072,1,0,97796,20.01,S,2,0,Rare,"(18, 35]"
376,0,3,"Johnson, Miss. Emma",female,19.4749253,0,2,79604,55.66,S,3,0,Miss,"(18, 35]"
377,1,3,"Garcia, Master. Robert",male,24.03099365,0,1,39579,41.49,Q,2,0,Master,"(18, 35]"
378,0,1,"Harris, Master. Henry",male,46.07823993,1,0,93616,109.88,S,2,0,Master,"(35, 60]"
379,1,3,"White, Dr. Alice",male,31.58578575,0,2,40518,12.01,S,3,0,Rare,"(18, 35]"
380,0,3,"Smith, Mr. Martha",male,31.006898200000002,3,0,16880,84.81,S,4,0,Mr,"(18, 35]"
381,0,3,"Martin, Master. Anna",male,42.86920508,3,0,23133,26.02,S,4,0,Master,"(35, 60]"
382,1,2,"Johnson, Miss. John",female,32.67790217,0,2,64172,41.69,S,3,0,Miss,"(18, 35]"
383,1,3,"Martin, Mrs. Florence",female,29.19588204,1,0,53292,52.78,S,2,0,Mrs,"(18, 35]"
384,1,3,"Martin, Mr. Henry",male,31.006898200000002,1,2,71918,109.42,C,4,0,Mr,"(18, 35]"
385,1,1,"White, Mr. Frank",male,23.73749346,0,1,23178,32.9,S,2,0,Mr,"(18, 35]"
386,1,3,"Clark, Dr. Emma",male,47.93422906,2,0,99285,15.5,S,3,0,Rare,"(35, 60]"
387,0,3,"Martin, Miss. Frank",female,30.94997715,3,1,28018,41.65,S,5,0,Miss,"(18, 35]"
388,0,1,"Johnson, Master. Alice",male,30.369585,2,1,10679,17.04,Q,4,0,Master,"(18, 35]"
389,1,2,"Jackson, Master. Mary",male,36.78625944,1,0,82135,19.79,C,2,0,Master,"(35, 60]"
390,1,3,"Thompson, Miss. Anna",female,18.15100683,1,2,30701,70.99,S,4,0,Miss,"(18, 35]"
391,1,1,"Thomas, Mr. Frank",male,20.99030235,2,0,63334,12.0,Q,3,0,Mr,"(18, 35]"
392,0,3,"Anderson, Master. Alice",male,44.41945145,0,1,95575,8.56,S,2,0,Master,"(35, 60]"
393,0,2,"Robinson, Rev. Elizabeth",male,25.31314535,2,1,72350,87.16,Q,4,0,Rare,"(18, 35]"
394,1,3,"Smith, Col. Clara",male,24.34892151,2,2,72580,46.59,S,5,0,Rare,"(18, 35]"
395,0,1,"Thomas, Master. James",male,16.62828389,3,0,95267,19.42,S,4,0,Master,"(12, 18]"
396,1,3,"Johnson, Miss. Anna",female,29.19588204,3,1,36143,34.17,C,5,0,Miss,"(18, 35]"
397,1,3,"Robinson, Col. Elizabeth",male,58.87534887,2,1,47649,78.84,S,4,0,Rare,"(35, 60]"
398,0,3,"Thompson, Dr. John",male,15.0545392,2,1,52096,36.69,S,4,0,Rare,"(12, 18]"
399,1,3,"White, Col. Clara",male,30.33907239,1,2,47409,61.87,S,4,0,Rare,"(18, 35]"
400,1,1,"Taylor, Master. William",male,49.77108778,3,1,94659,18.99,Q,5,0,Master,"(35, 60]"
401,0,3,"Martin, Dr. Mary",male,28.88502052,3,1,17754,72.63,C,5,0,Rare,"(18, 35]"
402,1,1,"Thompson, Col. Alice",male,30.369585,1,0,21725,41.35,C,2,0,Rare,"(18, 35]"
403,0,1,"Taylor, Master. William",male,15.12649061,0,0,95498,77.1,S,1,1,Master,"(12, 18]"
404,1,2,"Brown, Miss. Clara",female,35.99629936,3,1,85252,97.97,C,5,0,Miss,"(35, 60]"
405,0,3,"Clark, Miss. Emma",female,27.37998029,3,1,40437,75.34,S,5,0,Miss,"(18, 35]"
406,1,3,"Johnson, Rev. Alice",male,43.80021994,0,0,80143,39.01,S,1,1,Rare,"(35, 60]"
407,0,3,"Martinez, Mr. Martha",male,31.006898200000002,3,2,14888,34.41,C,6,0,Mr,"(18, 35]"
408,0,2,"Anderson, Mrs. Frank",female,66.25389099,3,2,32946,42.65,S,6,0,Mrs,"(60, 80]"
409,1,2,"Harris, Dr. John",male,38.11486442,0,2,64773,23.93,S,3,0,Rare,"(35, 60]"
410,0,3,"Taylor, Master. James",male,31.006898200000002,0,2,33040,25.83,S,3,0,Master,"(18, 35]"
411,0,2,"White, Col. Charles",male,32.72138022,2,2,14763,95.93,S,5,0,Rare,"(18, 35]"
412,1,3,"White, Mr. George",male,25.0556719,1,2,62034,49.24,C,4,0,Mr,"(18, 35]"
413,1,1,"Harris, Rev. Robert",male,30.369585,1,2,74930,55.14,S,4,0,Rare,"(18, 35]"
414,0,3,"Jackson, Rev. Henry",male,31.006898200000002,0,2,34420,73.32,C,3,0,Rare,"(18, 35]"
415,1,3,"White, Col. Alice",male,32.35845367,0,0,47941,72.81,S,1,1,Rare,"(18, 35]"
416,0,1,"Harris, Mrs. Emma",female,48.4463655,3,2,14910,12.75,S,6,0,Mrs,"(35, 60]"
417,0,1,"Taylor, Mrs. Elizabeth",female,15.90840409,2,2,11214,100.63,S,5,0,Mrs,"(12, 18]"
418,0,3,"Garcia, Dr. Sarah",male,31.006898200000002,2,2,49110,25.39,C,5,0,Rare,"(18, 35]"
419,1,3,"Anderson, Mrs. James",female,48.43961094,0,1,84443,88.15,S,2,0,Mrs,"(35, 60]"
420,1,2,"Thomas, Col. Margaret",male,28.34704062,3,0,89007,93.86,Q,4,0,Rare,"(18, 35]"
421,1,3,"Anderson, Col. Sarah",male,1.0,3,0,24064,87.21,S,4,0,Rare,"(0, 12]"
422,1,1,"Anderson, Col. John",male,21.49049218,1,0,53914,71.58,S,2,0,Rare,"(18, 35]"
423,0,2,"Robinson, Rev. Robert",male,28.789262305,1,2,47298,6.68,S,4,0,Rare,"(18, 35]"
424,0,3,"Thompson, Dr. Florence",male,29.67984713,3,2,69552,46.44,Q,6,0,Rare,"(18, 35]"
425,0,2,"White, Master. George",male,16.00976875,1,1,94058,74.56,C,3,0,Master,"(12, 18]"
426,0,3,"Thomas, Dr. Alice",male,22.9331511,0,0,81211,49.56,S,1,1,Rare,"(18, 35]"
427,0,2,"Martinez, Miss. Clara",female,41.76868037,3,2,78723,104.3,S,6,0,Miss,"(35, 60]"
428,1,2,"White, Dr. Elizabeth",male,37.65426995,1,0,74738,40.51,S,2,0,Rare,"(35, 60]"
429,0,3,"Garcia, Miss. Joseph",female,26.65495061,2,1,27589,38.76,C,4,0,Miss,"(18, 35]"
430,0,2,"Jackson, Mrs. Florence",female,24.86445823,3,1,76088,35.59,S,5,0,Mrs,"(18, 35]"
431,0,3,"Smith, Mrs. Margaret",female,24.51538591,3,1,71344,43.27,C,5,0,Mrs,"(18, 35]"
432,1,1,"Garcia, Miss. Alice",female,17.08625742,2,0,45761,69.1,Q,3,0,Miss,"(12, 18]"
433,0,1,"Jackson, Col. Elizabeth",male,52.61525965,0,2,35272,86.31,S,3,0,Rare,"(35, 60]"
434,0,1,"White, Rev. George",male,25.48751343,2,2,24764,81.2,C,5,0,Rare,"(18, 35]"
435,0,3,"Harris, Mr. George",male,47.04021929,3,1,53343,97.89,S,5,0,Mr,"(35, 60]"
436,1,2,"Robinson, Dr. Anna",male,28.789262305,0,2,31298,106.88,S,3,0,Rare,"(18, 35]"
437,0,3,"Johnson, Mr. Emma",male,43.97635257,1,1,70150,98.85,S,3,0,Mr,"(35, 60]"
438,1,3,"Smith, Dr. Emma",male,23.95731562,1,0,94972,7.18,S,2,0,Rare,"(18, 35]"
439,1,3,"Jackson, Rev. George",male,35.65222126,1,1,43720,89.63,C,3,0,Rare,"(35, 60]"
440,0,1,"Johnson, Col. George",male,29.66126151,3,0,34405,28.97,S,4,0,Rare,"(18, 35]"
441,0,3,"Thomas, Master. Henry",male,17.34817395,2,1,11846,20.29,S,4,0,Master,"(12, 18]"
442,1,3,"Thompson, Dr. Elizabeth",male,34.54102994,0,2,54185,78.43,S,3,0,Rare,"(18, 35]"
443,0,3,"Robinson, Mr. Anna",male,31.006898200000002,1,2,48669,41.77,S,4,0,Mr,"(18, 35]"
444,0,3,"Jackson, Rev. Clara",male,31.006898200000002,0,1,84420,11.57,S,2,0,Rare,"(18, 35]"
445,1,3,"Robinson, Miss. Alice",female,23.49535784,3,2,98395,20.83,S,6,0,Miss,"(18, 35]"
446,1,3,"Martin, Dr. William",male,32.81623518,1,2,35318,5.11,S,4,0,Rare,"(18, 35]"
447,1,1,"Thompson, Mr. Thomas",male,30.369585,3,2,33002,108.87,C,6,0,Mr,"(18, 35]"
448,1,1,"Taylor, Rev. Robert",male,26.37533037,2,0,90079,7.83,C,3,0,Rare,"(18, 35]"
449,0,3,"Jackson, Rev. James",male,38.21371322,3,2,93719,29.09,S,6,0,Rare,"(35, 60]"
450,0,3,"White, Mr. Charles",male,23.35134881,3,0,63148,52.87,C,4,0,Mr,"(18, 35]"
451,1,3,"Clark, Mrs. Robert",female,42.19816216,2,1,66059,46.01,S,4,0,Mrs,"(35, 60]"
452,0,3,"Thomas, Mr. William",male,11.15628448,0,2,77538,109.85,S,3,0,Mr,"(0, 12]"
453,0,1,"Anderson, Col. William",male,31.76931411,2,2,52982,9.63,S,5,0,Rare,"(18, 35]"
454,1,1,"Jackson, Miss. Mary",female,57.14500599,2,2,21368,63.9,S,5,0,Miss,"(35, 60]"
455,0,3,"Harris, Mrs. Thomas",female,15.99536146,3,1,62538,83.26,S,5,0,Mrs,"(12, 18]"
456,0,2,"Thompson, Master. Florence",male,20.51157041,0,0,97720,112.15,C,1,1,Master,"(18, 35]"
457,0,1,"Brown, Col. Frank",male,37.1947099,1,0,22502,76.34,S,2,0,Rare,"(35, 60]"
458,0,3,"Martin, Mrs. James",female,32.51414495,2,2,34219,97.43,C,5,0,Mrs,"(18, 35]"
459,0,1,"Martin, Col. Elizabeth",male,34.90882139,0,1,28430,14.63,S,2,0,Rare,"(18, 35]"
460,0,3,"White, Rev. Thomas",male,36.84861982,2,1,72580,49.38,C,4,0,Rare,"(35, 60]"
461,0,2,"Taylor, Dr. George",male,38.88610056,2,1,52415,48.0,S,4,0,Rare,"(35, 60]"
462,1,3,"White, Master. Henry",male,45.53579779,2,1,42512,106.92,S,4,0,Master,"(35, 60]"
463,1,2,"Clark, Miss. John",female,35.7374612,2,1,10895,22.41,S,4,0,Miss,"(35, 60]"
464,0,3,"Clark, Col. Emma",male,31.006898200000002,3,0,44181,22.47,S,4,0,Rare,"(18, 35]"
465,1,1,"Brown, Miss. Clara",female,39.41603182,0,0,60275,42.78,S,1,1,Miss,"(35, 60]"
466,0,1,"Thomas, Mr. Emma",male,30.369585,0,0,40870,11.26,C,1,1,Mr,"(18, 35]"
467,0,2,"Thompson, Dr. Robert",male,28.14312755,0,2,68554,25.98,S,3,0,Rare,"(18, 35]"
468,1,3,"White, Master. Henry",male,16.35658973,2,1,44995,116.0,C,4,0,Master,"(12, 18]"
469,0,3,"Taylor, Col. Robert",male,31.006898200000002,3,2,53204,54.24,S,6,0,Rare,"(18, 35]"
470,1,2,"Johnson, Master. Alice",male,28.3146637,2,1,49576,77.68,C,4,0,Master,"(18, 35]"
471,0,3,"Martin, Mrs. Elizabeth",female,1.0,2,0,86344,88.5,S,3,0,Mrs,"(0, 12]"
472,1,3,"Anderson, Miss. Florence",female,29.19588204,0,2,85088,47.2,S,3,0,Miss,"(18, 35]"
473,0,3,"Smith, Rev. Robert",male,22.5054054,2,0,11498,21.93,Q,3,0,Rare,"(18, 35]"
474,1,1,"Anderson, Col. Elizabeth",male,30.369585,1,1,44282,28.76,S,3,0,Rare,"(18, 35]"
475,0,3,"Robinson, Mr. Florence",male,34.64772463,2,1,95679,41.03,S,4,0,Mr,"(18, 35]"
476,1,1,"Clark, Rev. William",male,32.66699552,1,1,57127,78.15,S,3,0,Rare,"(18, 35]"
477,0,2,"Robinson, Dr. Alice",male,28.789262305,2,0,40972,50.8,S,3,0,Rare,"(18, 35]"
478,0,3,"Martin, Miss. Thomas",female,23.90319081,3,1,18142,5.78,S,5,0,Miss,"(18, 35]"
479,1,1,"Taylor, Col. Mary",male,30.369585,3,0,97528,65.19,C,4,0,Rare,"(18, 35]"
480,0,3,"Martin, Rev. Joseph",male,26.36634651,0,2,25495,110.97,S,3,0,Rare,"(18, 35]"
481,1,3,"Thompson, Miss. George",female,29.19588204,2,1,71000,98.39,S,4,0,Miss,"(18, 35]"
482,1,3,"Anderson, Mr. William",male,38.61514478,1,1,50213,99.9,S,3,0,Mr,"(35, 60]"
483,0,3,"Smith, Col. Emma",male,16.90385817,1,1,30934,96.43,S,3,0,Rare,"(12, 18]"
484,1,1,"Garcia, Dr. Mary",male,45.20374963,2,2,63138,42.23,S,5,0,Rare,"(35, 60]"
485,0,2,"Clark, Mrs. James",female,32.67790217,1,1,99925,93.0,C,3,0,Mrs,"(18, 35]"
486,1,3,"Garcia, Miss. Anna",female,41.31280918,3,0,75866,21.46,S,4,0,Miss,"(35, 60]"
487,0,1,"Taylor, Master. Frank",male,30.369585,1,0,50760,80.64,C,2,0,Master,"(18, 35]"
488,0,2,"Clark, Mrs. Clara",female,55.73457148,0,1,25389,78.78,S,2,0,Mrs,"(35, 60]"
489,1,1,"Harris, Miss. Sarah",female,26.87147625,3,1,93717,7.94,S,5,0,Miss,"(18, 35]"
490,1,1,"Anderson, Miss. Frank",female,28.566028430000003,3,2,48671,95.62,S,6,0,Miss,"(18, 35]"
491,0,2,"Martinez, Col. Alice",male,29.72812552,3,2,58174,108.87,S,6,0,Rare,"(18, 35]"
492,1,1,"Martinez, Miss. Anna",female,25.75548304,2,2,90560,35.75,S,5,0,Miss,"(18, 35]"
493,0,3,"Johnson, Mr. Emma",male,41.19918663,2,1,38947,98.42,S,4,0,Mr,"(35, 60]"
494,0,3,"Robinson, Mrs. Thomas",female,29.19588204,3,2,38721,14.48,C,6,0,Mrs,"(18, 35]"
495,0,3,"Robinson, Rev. Elizabeth",male,15.24844613,2,2,27507,74.0,S,5,0,Rare,"(12, 18]"
496,0,1,"Thomas, Col. Clara",male,15.0507591,1,0,72676,60.85,C,2,0,Rare,"(12, 18]"
497,0,1,"Smith, Mr. Elizabeth",male,43.30430629,2,2,30078,67.78,S,5,0,Mr,"(35, 60]"
498,0,1,"Johnson, Miss. Clara",female,53.94858722,2,0,69634,111.51,Q,3,0,Miss,"(35, 60]"
499,1,3,"Thompson, Master. Mary",male,31.006898200000002,3,0,89395,105.2,C,4,0,Master,"(18, 35]"
500,1,3,"Martin, Rev. Henry",male,31.006898200000002,0,2,58971,95.28,S,3,0,Rare,"(18, 35]"
501,1,1,"Johnson, Master. Mary",male,30.98073028,0,0,64505,36.48,C,1,1,Master,"(18, 35]"
502,0,3,"White, Rev. Thomas",male,46.26629624,0,1,81989,109.86,S,2,0,Rare,"(35, 60]"
503,0,1,"Clark, Mr. Martha",male,17.01705612,1,1,71712,16.21,C,3,0,Mr,"(12, 18]"
504,1,3,"Clark, Dr. Anna",male,33.33716576,2,2,80453,103.13,S,5,0,Rare,"(18, 35]"
505,1,3,"Thompson, Dr. Thomas",male,43.65276682,0,1,97044,42.74,S,2,0,Rare,"(35, 60]"
506,0,3,"Clark, Mr. Emma",male,37.01531838,3,0,38627,11.18,C,4,0,Mr,"(35, 60]"
507,1,3,"Thompson, Rev. Robert",male,32.65414263,0,1,42435,81.98,S,2,0,Rare,"(18, 35]"
508,1,3,"Brown, Master. Charles",male,44.0146453,0,2,99173,31.6,S,3,0,Master,"(35, 60]"
509,1,2,"Anderson, Mr. William",male,28.789262305,2,2,88094,33.01,C,5,0,Mr,"(18, 35]"
510,1,3,"Johnson, Master. Charles",male,39.49025447,2,0,20730,40.2,S,3,0,Master,"(35, 60]"
511,0,1,"Brown, Mrs. Clara",female,28.566028430000003,2,2,78879,12.32,S,5,0,Mrs,"(18, 35]"
512,0,3,"Thomas, Master. Emma",male,4.371139444,1,1,68556,25.37,S,3,0,Master,"(0, 12]"
513,1,3,"Jackson, Rev. Clara",male,31.006898200000002,1,2,79228,5.59,S,4,0,Rare,"(18, 35]"
514,1,3,"Clark, Dr. George",male,49.23121963,0,0,57419,56.22,S,1,1,Rare,"(35, 60]"
515,0,3,"Robinson, Master. Charles",male,28.0757208,2,2,20237,14.69,S,5,0,Master,"(18, 35]"
516,0,3,"Jackson, Master. Martha",male,43.34024366,0,1,83946,83.51,S,2,0,Master,"(35, 60]"
517,0,3,"Garcia, Miss. William",female,52.57189561,3,0,24707,32.1,S,4,0,Miss,"(35, 60]"
518,1,3,"White, Miss. Joseph",female,48.40880235,3,1,18094,113.51,C,5,0,Miss,"(35, 60]"
519,1,1,"Robinson, Master. Thomas",male,52.95950341,2,0,81781,105.19,S,3,0,Master,"(35, 60]"
520,0,1,"Thompson, Miss. Charles",female,40.38978488,2,2,76255,38.29,S,5,0,Miss,"(35, 60]"
521,0,2,"Clark, Miss. Clara",female,32.67790217,3,0,36497,95.07,Q,4,0,Miss,"(18, 35]"
522,0,1,"Smith, Rev. Mary",male,30.369585,2,0,85065,97.37,S,3,0,Rare,"(18, 35]"
523,1,3,"Taylor, Master. Henry",male,26.55512517,1,2,80341,118.45,S,4,0,Master,"(18, 35]"
524,1,1,"Johnson, Mr. Emma",male,18.19454767,1,1,29641,73.75,S,3,0,Mr,"(18, 35]"
525,1,3,"Thompson, Rev. Joseph",male,60.39319804,2,2,31566,14.43,S,5,0,Rare,"(60, 80]"
526,0,2,"Smith, Rev. Martha",male,27.53759863,3,0,53007,79.39,S,4,0,Rare,"(18, 35]"
527,0,1,"Taylor, Mr. Anna",male,31.72486729,0,2,78202,76.87,S,3,0,Mr,"(18, 35]"
528,0,3,"Taylor, Mrs. Florence",female,37.72079526,2,0,67912,78.41,C,3,0,Mrs,"(35, 60]"
529,0,3,"Taylor, Mr. Clara",male,30.61043425,2,2,25235,40.32,S,5,0,Mr,"(18, 35]"
530,1,3,"Robinson, Dr. Joseph",male,31.006898200000002,0,2,99167,103.86,C,3,0,Rare,"(18, 35]"
531,1,3,"Thomas, Col. Thomas",male,21.28290894,2,1,36922,115.34,S,4,0,Rare,"(18, 35]"
532,1,3,"Martinez, Col. George",male,32.72450437,0,0,86434,30.04,C,1,1,Rare,"(18, 35]"
533,1,1,"Anderson, Dr. John",male,19.6054118,3,1,74071,15.14,C,5,0,Rare,"(18, 35]"
534,0,3,"Brown, Col. George",male,11.51968484,1,0,21919,27.37,S,2,0,Rare,"(0, 12]"
535,1,3,"Martinez, Dr. Henry",male,31.006898200000002,3,2,76895,99.36,S,6,0,Rare,"(18, 35]"
536,1,3,"Thompson, Mrs. Charles",female,29.48148484,1,0,68390,82.81,S,2,0,Mrs,"(18, 35]"
537,1,1,"Brown, Col. John",male,23.98976886,0,1,17292,78.15,C,2,0,Rare,"(18, 35]"
538,0,3,"Martinez, Mr. Mary",male,20.30610628,1,1,69432,51.21,C,3,0,Mr,"(18, 35]"
539,0,1,"Martin, Col. Thomas",male,30.369585,3,1,27294,71.45,S,5,0,Rare,"(18, 35]"
540,0,1,"Brown, Miss. John",female,28.83652198,1,0,77272,40.41,S,2,0,Miss,"(18, 35]"
541,1,2,"Brown, Miss. William",female,8.933914764,0,1,64450,59.88,S,2,0,Miss,"(0, 12]"
542,0,3,"Harris, Rev. Margaret",male,40.64078349,1,1,69873,96.2,C,3,0,Rare,"(35, 60]"
543,0,3,"White, Mr. James",male,31.15415654,2,1,83912,117.84,S,4,0,Mr,"(18, 35]"
544,1,3,"Harris, Master. Mary",male,9.594279007,3,2,17567,112.24,S,6,0,Master,"(0, 12]"
545,0,3,"White, Dr. Charles",male,25.67107292,2,2,83242,112.39,S,5,0,Rare,"(18, 35]"
546,0,2,"Martin, Dr. Thomas",male,19.46981032,0,0,70604,51.26,S,1,1,Rare,"(18, 35]"
547,0,2,"Anderson, Mr. Sarah",male,34.46844315,1,0,98181,58.91,C,2,0,Mr,"(18, 35]"
548,1,2,"Smith, Master. John",male,48.76630624,2,1,50392,86.15,S,4,0,Master,"(35, 60]"
549,0,3,"Jackson, Master. Elizabeth",male,3.747585425,2,2,12853,111.05,S,5,0,Master,"(0, 12]"
550,1,1,"White, Rev. Charles",male,30.369585,1,1,61897,21.33,S,3,0,Rare,"(18, 35]"
551,0,3,"Johnson, Rev. Emma",male,27.75814086,1,1,43352,39.99,S,3,0,Rare,"(18, 35]"
552,1,3,"Martin, Mr. Anna",male,39.39876107,3,2,10395,21.01,S,6,0,Mr,"(35, 60]"
553,0,2,"Brown, Mrs. James",female,32.9847528,2,2,38560,75.38,S,5,0,Mrs,"(18, 35]"
554,0,3,"Thompson, Miss. Martha",female,19.47242936,2,2,85800,40.22,C,5,0,Miss,"(18, 35]"
555,1,3,"Garcia, Dr. Clara",male,25.5332449,0,0,19572,42.5,S,1,1,Rare,"(18, 35]"
556,0,3,"Martin, Miss. Elizabeth",female,18.855638,3,0,15936,13.16,S,4,0,Miss,"(18, 35]"
557,0,3,"White, Dr. Robert",male,45.06409994,0,1,65534,45.23,C,2,0,Rare,"(35, 60]"
558,0,2,"Jackson, Dr. Martha",male,30.29836308,2,0,55158,104.19,S,3,0,Rare,"(18, 35]"
559,1,2,"Robinson, Mr. Charles",male,56.6166696,0,2,18357,31.8,S,3,0,Mr,"(35, 60]"
560,1,3,"Garcia, Rev. Clara",male,31.006898200000002,2,2,80931,84.95,C,5,0,Rare,"(18, 35]"
561,1,3,"Jackson, Col. Joseph",male,20.08230526,2,0,17897,77.41,C,3,0,Rare,"(18, 35]"
562,0,1,"Jackson, Master. Thomas",male,8.807998503,0,1,19046,104.3,S,2,0,Master,"(0, 12]"
563,0,3,"Jackson, Miss. Emma",female,4.756044532,0,1,71875,20.21,Q,2,0,Miss,"(0, 12]"
564,0,3,"Thomas, Master. Charles",male,7.822096798,1,0,14159,117.42,C,2,0,Master,"(0, 12]"
565,0,3,"Thompson, Master. Anna",male,33.73977311,1,1,47629,72.0,S,3,0,Master,"(18, 35]"
566,0,1,"Brown, Miss. Mary",female,37.12215033,1,1,63591,119.48,S,3,0,Miss,"(35, 60]"
567,0,3,"Johnson, Rev. Alice",male,31.006898200000002,2,1,33590,109.82,S,4,0,Rare,"(18, 35]"
568,0,3,"Johnson, Mr. James",male,42.5305364,0,2,27750,30.47,S,3,0,Mr,"(35, 60]"
569,1,1,"Garcia, Master. Charles",male,23.23714528,3,2,94085,11.46,S,6,0,Master,"(18, 35]"
570,0,1,"Martinez, Rev. Mary",male,32.05510217,2,0,94656,34.4,S,3,0,Rare,"(18, 35]"
571,0,3,"Smith, Mrs. Clara",female,52.5710888,3,2,65097,65.67,S,6,0,Mrs,"(35, 60]"
572,1,1,"Harris, Dr. Clara",male,42.55575042,0,1,59081,24.73,S,2,0,Rare,"(35, 60]"
573,0,3,"Jackson, Miss. Charles",female,26.24057093,2,2,60132,24.26,S,5,0,Miss,"(18, 35]"
574,1,3,"Robinson, Miss. Margaret",female,29.19588204,3,0,68790,58.2,S,4,0,Miss,"(18, 35]"
575,1,2,"Anderson, Rev. William",male,28.789262305,3,2,59479,8.83,S,6,0,Rare,"(18, 35]"
576,1,3,"Thomas, Dr. Robert",male,31.006898200000002,1,1,59236,19.02,C,3,0,Rare,"(18, 35]"
577,0,2,"Harris, Mr. Florence",male,27.04417666,1,1,20518,52.82,S,3,0,Mr,"(18, 35]"
578,1,3,"Thompson, Mrs. George",female,16.17948662,1,0,99486,12.26,S,2,0,Mrs,"(12, 18]"
579,0,2,"Robinson, Master. Thomas",male,28.789262305,2,2,96742,50.63,C,5,0,Master,"(18, 35]"
580,0,3,"Robinson, Mr. Mary",male,31.07592636,0,2,80687,59.51,S,3,0,Mr,"(18, 35]"
581,0,1,"Johnson, Dr. Mary",male,30.369585,0,2,27431,56.9,S,3,0,Rare,"(18, 35]"
582,1,2,"Martin, Col. Henry",male,20.89996387,1,1,95660,104.96,S,3,0,Rare,"(18, 35]"
583,0,3,"Robinson, Mrs. Margaret",female,32.36116541,1,0,55582,65.96,S,2,0,Mrs,"(18, 35]"
584,0,2,"Martin, Dr. Martha",male,36.18716909,1,2,25549,58.82,Q,4,0,Rare,"(35, 60]"
585,1,3,"Smith, Rev. Clara",male,31.006898200000002,3,1,33392,52.23,S,5,0,Rare,"(18, 35]"
586,0,2,"Smith, Dr. Henry",male,49.75305332,1,1,80419,99.03,S,3,0,Rare,"(35, 60]"
587,0,3,"Garcia, Mrs. Henry",female,28.61976615,3,1,61518,107.93,S,5,0,Mrs,"(18, 35]"
588,0,1,"Clark, Col. Robert",male,30.26389472,0,2,79316,103.12,S,3,0,Rare,"(18, 35]"
589,0,3,"Smith, Miss. Mary",female,39.91500193,2,2,26691,82.46,S,5,0,Miss,"(35, 60]"
590,0,3,"Martin, Mrs. George",female,33.26502584,2,2,39188,20.8,S,5,0,Mrs,"(18, 35]"
591,0,1,"Johnson, Rev. Elizabeth",male,43.34391287,2,2,10455,36.84,S,5,0,Rare,"(35, 60]"
592,1,1,"Johnson, Mrs. John",female,34.01973831,2,2,12979,10.3,S,5,0,Mrs,"(18, 35]"
593,0,1,"Taylor, Rev. Sarah",male,21.42587676,3,2,49107,112.04,S,6,0,Rare,"(18, 35]"
594,0,3,"White, Master. Margaret",male,35.06104935,3,2,70686,80.99,S,6,0,Master,"(35, 60]"
595,1,2,"Thomas, Miss. Frank",female,13.9878331,1,2,98276,90.83,S,4,0,Miss,"(12, 18]"
596,0,3,"Martinez, Miss. Anna",female,31.51983588,3,2,81361,40.83,C,6,0,Miss,"(18, 35]"
597,1,2,"Johnson, Dr. Martha",male,29.53478013,1,1,65591,102.25,S,3,0,Rare,"(18, 35]"
598,0,2,"Brown, Mr. George",male,27.086364,1,2,79721,34.85,S,4,0,Mr,"(18, 35]"
599,0,3,"Smith, Col. Martha",male,28.20047484,2,0,59712,5.19,S,3,0,Rare,"(18, 35]"
600,0,3,"Anderson, Rev. James",male,3.654113363,3,1,40102,48.29,S,5,0,Rare,"(0, 12]"
601,0,1,"White, Master. Margaret",male,30.369585,3,2,42441,70.64,C,6,0,Master,"(18, 35]"
602,0,1,"Jackson, Dr. Emma",male,31.29982862,1,0,70375,60.05,S,2,0,Rare,"(18, 35]"
603,0,1,"Martinez, Miss. Joseph",female,28.566028430000003,1,2,55371,104.14,C,4,0,Miss,"(18, 35]"
604,0,3,"Thomas, Dr. Charles",male,15.61254803,0,0,30332,17.12,S,1,1,Rare,"(12, 18]"
605,0,3,"Anderson, Master. Charles",male,47.71990977,0,0,46129,68.69,C,1,1,Master,"(35, 60]"
606,0,3,"White, Rev. Florence",male,17.87355212,1,0,34704,63.99,S,2,0,Rare,"(12, 18]"
607,0,3,"Smith, Dr. Robert",male,43.57240081,0,0,24790,37.36,C,1,1,Rare,"(35, 60]"
608,0,3,"Martin, Mrs. Elizabeth",female,35.98072107,0,1,14222,99.56,S,2,0,Mrs,"(35, 60]"
609,0,3,"Taylor, Mr. John",male,20.95281766,1,1,96533,91.58,S,3,0,Mr,"(18, 35]"
610,1,3,"Martinez, Miss. Joseph",female,54.8543525,1,0,64950,89.28,S,2,0,Miss,"(35, 60]"
611,0,1,"Anderson, Mrs. Henry",female,13.28908436,3,2,90599,105.76,S,6,0,Mrs,"(12, 18]"
612,1,1,"Smith, Miss. Charles",female,42.86815843,1,0,12050,88.12,S,2,0,Miss,"(35, 60]"
613,1,2,"Brown, Master. Margaret",male,28.789262305,1,1,41544,31.66,S,3,0,Master,"(18, 35]"
614,0,1,"Harris, Mrs. Elizabeth",female,20.61131707,2,2,37011,86.14,S,5,0,Mrs,"(18, 35]"
615,1,3,"Harris, Rev. Thomas",male,49.4945142,3,1,18819,40.39,S,5,0,Rare,"(35, 60]"
616,1,3,"Johnson, Dr. Mary",male,26.4993488,3,1,23224,32.85,S,5,0,Rare,"(18, 35]"
617,0,1,"Jackson, Master. William",male,30.369585,3,2,87849,13.4,S,6,0,Master,"(18, 35]"
618,0,1,"Clark, Mr. Emma",male,33.64450574,2,0,14400,90.56,S,3,0,Mr,"(18, 35]"
619,1,3,"Martin, Mr. Anna",male,28.11967762,1,0,68515,86.77,S,2,0,Mr,"(18, 35]"
620,1,3,"Jackson, Master. Florence",male,41.35131582,3,0,88352,31.97,Q,4,0,Master,"(35, 60]"
621,0,2,"Anderson, Rev. Margaret",male,41.10884209,3,0,98083,91.18,S,4,0,Rare,"(35, 60]"
622,0,3,"Smith, Mr. Elizabeth",male,5.520552375,0,2,16380,110.55,S,3,0,Mr,"(0, 12]"
623,0,1,"Martinez, Miss. Frank",female,48.2607634,3,2,42077,17.42,C,6,0,Miss,"(35, 60]"
624,0,1,"Robinson, Dr. Emma",male,6.725112168,1,2,15798,31.75,S,4,0,Rare,"(0, 12]"
625,0,3,"Johnson, Rev. Mary",male,31.006898200000002,1,1,62725,91.28,S,3,0,Rare,"(18, 35]"
626,0,3,"Taylor, Master. Charles",male,45.77387192,0,2,67535,36.57,S,3,0,Master,"(35, 60]"
627,0,1,"Jackson, Master. Florence",male,14.72646998,3,0,40715,76.84,S,4,0,Master,"(12, 18]"
628,1,3,"Jackson, Dr. James",male,24.24859997,3,1,80747,14.33,S,5,0,Rare,"(18, 35]"
629,0,3,"Garcia, Col. Robert",male,14.52013464,3,0,38477,57.0,C,4,0,Rare,"(12, 18]"
630,0,3,"Thomas, Miss. Thomas",female,26.99110558,2,0,17398,90.0,S,3,0,Miss,"(18, 35]"
631,1,3,"Johnson, Col. Frank",male,31.006898200000002,3,2,28367,83.95,S,6,0,Rare,"(18, 35]"
632,1,3,"Harris, Dr. Charles",male,40.91524745,1,2,76046,98.73,C,4,0,Rare,"(35, 60]"
633,0,3,"Clark, Dr. Joseph",male,48.34432245,1,0,47914,105.91,Q,2,0,Rare,"(35, 60]"
634,0,3,"Thomas, Col. Mary",male,49.53957335,2,0,40692,93.92,S,3,0,Rare,"(35, 60]"
635,0,1,"Taylor, Rev. George",male,22.12964763,2,1,85511,82.23,S,4,0,Rare,"(18, 35]"
636,0,1,"Anderson, Mr. George",male,27.07089377,3,2,51799,8.65,S,6,0,Mr,"(18, 35]"
637,0,2,"Martin, Mrs. Frank",female,6.431865309,0,1,85690,66.52,Q,2,0,Mrs,"(0, 12]"
638,0,3,"Brown, Mrs. James",female,18.71781907,2,1,88370,9.34,C,4,0,Mrs,"(18, 35]"
639,0,1,"White, Col. Alice",male,43.50792286,2,1,98150,97.93,S,4,0,Rare,"(35, 60]"
640,0,3,"Martinez, Col. Florence",male,52.61815953,3,0,52030,41.88,S,4,0,Rare,"(35, 60]"
641,0,3,"Thompson, Dr. Emma",male,31.006898200000002,3,1,41051,69.68,S,5,0,Rare,"(18, 35]"
642,0,1,"Thomas, Dr. Martha",male,21.70550037,2,1,49552,37.14,C,4,0,Rare,"(18, 35]"
643,0,3,"Brown, Col. Anna",male,29.6303194,0,0,28777,94.99,S,1,1,Rare,"(18, 35]"
644,0,2,"White, Master. James",male,33.92225622,2,2,96535,106.95,S,5,0,Master,"(18, 35]"
645,0,3,"Martinez, Master. Robert",male,18.66555072,3,2,78321,50.84,S,6,0,Master,"(18, 35]"
646,1,1,"Smith, Miss. Florence",female,35.93685462,3,1,38972,104.24,S,5,0,Miss,"(35, 60]"
647,0,3,"Johnson, Miss. Sarah",female,23.36624914,2,0,64206,35.71,S,3,0,Miss,"(18, 35]"
648,1,3,"White, Miss. Emma",female,29.79766821,0,2,49387,66.49,S,3,0,Miss,"(18, 35]"
649,1,3,"Thomas, Mr. William",male,37.64797947,2,1,46064,103.76,S,4,0,Mr,"(35, 60]"
650,0,3,"Johnson, Col. Robert",male,30.08991178,2,1,17989,42.48,S,4,0,Rare,"(18, 35]"
651,0,3,"Martin, Rev. James",male,23.89059753,3,0,82970,114.71,S,4,0,Rare,"(18, 35]"
652,0,3,"Jackson, Dr. Sarah",male,28.46546275,0,1,87550,19.02,S,2,0,Rare,"(18, 35]"
653,0,3,"Harris, Master. Florence",male,31.006898200000002,1,2,32955,7.1,C,4,0,Master,"(18, 35]"
654,1,3,"White, Col. William",male,24.81984558,0,0,92050,108.98,S,1,1,Rare,"(18, 35]"
655,0,1,"Thompson, Col. Florence",male,26.37685512,2,2,98965,12.89,S,5,0,Rare,"(18, 35]"
656,0,3,"Martin, Mrs. Anna",female,52.38106039,2,2,65994,119.07,S,5,0,Mrs,"(35, 60]"
657,0,3,"Brown, Master. Sarah",male,37.85287227,2,2,82856,114.41,C,5,0,Master,"(35, 60]"
658,0,3,"Johnson, Mr. Emma",male,25.86327555,0,1,74962,20.76,C,2,0,Mr,"(18, 35]"
659,1,1,"Garcia, Col. Anna",male,39.75736166,3,1,16145,66.82,S,5,0,Rare,"(35, 60]"
660,0,3,"Thompson, Mr. Sarah",male,25.32652714,2,2,55143,26.27,S,5,0,Mr,"(18, 35]"
661,0,2,"Taylor, Mrs. William",female,46.42374493,2,2,94320,54.24,S,5,0,Mrs,"(35, 60]"
662,1,3,"White, Rev. Emma",male,35.17499069,0,0,97994,12.06,S,1,1,Rare,"(35, 60]"
663,0,1,"Martin, Dr. Sarah",male,28.49776998,1,0,59958,30.75,S,2,0,Rare,"(18, 35]"
664,0,3,"Thomas, Mrs. Mary",female,29.19588204,1,1,78742,46.78,C,3,0,Mrs,"(18, 35]"
665,0,3,"Jackson, Miss. Elizabeth",female,29.19588204,3,1,51777,55.44,C,5,0,Miss,"(18, 35]"
666,0,1,"Thompson, Col. Anna",male,14.22525544,3,0,64568,117.41,S,4,0,Rare,"(12, 18]"
667,0,3,"Martinez, Dr. William",male,13.28504991,2,2,63511,97.9,C,5,0,Rare,"(12, 18]"
668,0,2,"Johnson, Rev. Anna",male,32.00120333,0,1,29558,89.8,Q,2,0,Rare,"(18, 35]"
669,0,3,"Harris, Miss. Charles",female,29.19588204,2,2,49306,66.76,S,5,0,Miss,"(18, 35]"
670,0,3,"Anderson, Rev. Elizabeth",male,61.23820205,3,0,59343,101.6,S,4,0,Rare,"(60, 80]"
671,0,3,"Robinson, Miss. Martha",female,38.93271542,0,1,34101,44.02,Q,2,0,Miss,"(35, 60]"
672,1,3,"Johnson, Mrs. Anna",female,37.01182265,0,1,80507,86.52,S,2,0,Mrs,"(35, 60]"
673,0,3,"Clark, Dr. George",male,31.006898200000002,3,0,72065,119.29,Q,4,0,Rare,"(18, 35]"
674,0,2,"Thompson, Miss. Robert",female,22.4025668,1,1,41584,41.18,S,3,0,Miss,"(18, 35]"
675,0,2,"Brown, Rev. Elizabeth",male,18.97102747,1,0,39536,82.51,S,2,0,Rare,"(18, 35]"
676,1,3,"Anderson, Dr. James",male,21.30813362,0,1,49418,102.1,C,2,0,Rare,"(18, 35]"
677,0,3,"Thompson, Dr. Elizabeth",male,27.64598654,2,0,28920,110.32,C,3,0,Rare,"(18, 35]"
678,0,3,"Robinson, Col. Anna",male,23.39073191,1,1,70689,87.56,S,3,0,Rare,"(18, 35]"
679,1,3,"Johnson, Mrs. Sarah",female,29.19588204,2,2,17552,37.61,S,5,0,Mrs,"(18, 35]"
680,1,2,"Harris, Rev. Margaret",male,40.47074359,1,2,83713,42.52,S,4,0,Rare,"(35, 60]"
681,1,3,"Thomas, Miss. John",female,29.19588204,1,2,64090,7.39,S,4,0,Miss,"(18, 35]"
682,0,1,"Taylor, Miss. Frank",female,33.3494561,2,1,64592,92.5,S,4,0,Miss,"(18, 35]"
683,0,3,"Taylor, Miss. Alice",female,59.03715738,3,1,83044,9.92,S,5,0,Miss,"(35, 60]"
684,1,1,"Brown, Mrs. George",female,28.566028430000003,1,2,79467,104.44,S,4,0,Mrs,"(18, 35]"
685,1,2,"Robinson, Mr. Robert",male,1.0,1,2,27575,18.65,S,4,0,Mr,"(0, 12]"
686,0,2,"Harris, Col. Charles",male,25.99594089,2,0,60910,24.77,C,3,0,Rare,"(18, 35]"
687,0,2,"Robinson, Col. Clara",male,45.41343489,3,0,41831,59.8,Q,4,0,Rare,"(35, 60]"
688,0,3,"Smith, Rev. Sarah",male,57.41686436,1,0,43422,89.86,S,2,0,Rare,"(35, 60]"
689,1,2,"Clark, Rev. Anna",male,28.789262305,1,2,36651,20.99,S,4,0,Rare,"(18, 35]"
690,0,2,"Brown, Col. Martha",male,36.95378913,3,2,53288,55.61,C,6,0,Rare,"(35, 60]"
691,0,1,"Brown, Dr. Elizabeth",male,23.48565361,1,2,94765,60.53,C,4,0,Rare,"(18, 35]"
692,0,2,"Robinson, Mrs. Frank",female,28.51672304,3,0,20363,29.41,S,4,0,Mrs,"(18, 35]"
693,0,1,"Martinez, Rev. Martha",male,67.02080686,3,1,68954,18.29,S,5,0,Rare,"(60, 80]"
694,0,1,"Smith, Mrs. Emma",female,8.958415402,2,2,58637,101.19,S,5,0,Mrs,"(0, 12]"
695,0,3,"Thompson, Master. Mary",male,33.55235526,0,1,22119,62.78,Q,2,0,Master,"(18, 35]"
696,0,3,"White, Rev. Thomas",male,36.5477044,3,1,80206,6.65,S,5,0,Rare,"(35, 60]"
697,0,3,"Martinez, Dr. Robert",male,45.20100855,2,1,34966,97.34,S,4,0,Rare,"(35, 60]"
698,0,3,"Taylor, Rev. Emma",male,31.37176415,0,0,16755,117.79,S,1,1,Rare,"(18, 35]"
699,0,2,"Anderson, Dr. Thomas",male,28.789262305,1,1,45187,74.68,S,3,0,Rare,"(18, 35]"
700,0,3,"Clark, Col. Alice",male,24.51692006,0,2,59436,62.93,S,3,0,Rare,"(18, 35]"
701,0,3,"Thomas, Col. Joseph",male,33.76777718,3,0,98299,106.02,S,4,0,Rare,"(18, 35]"
702,0,3,"White, Rev. Florence",male,31.006898200000002,3,2,89294,114.54,S,6,0,Rare,"(18, 35]"
703,0,1,"Martinez, Master. Robert",male,30.369585,3,2,89026,91.77,C,6,0,Master,"(18, 35]"
704,0,2,"Harris, Master. Sarah",male,24.8254553,3,0,15183,56.23,S,4,0,Master,"(18, 35]"
705,0,2,"Robinson, Master. Frank",male,35.27940551,3,2,19539,73.11,S,6,0,Master,"(35, 60]"
706,1,2,"Brown, Mrs. Martha",female,32.67790217,2,2,34662,85.61,S,5,0,Mrs,"(18, 35]"
707,0,3,"Smith, Col. Henry",male,45.76470351,3,0,87015,27.34,S,4,0,Rare,"(35, 60]"
708,1,3,"Robinson, Rev. Alice",male,29.28048787,2,2,98008,56.43,S,5,0,Rare,"(18, 35]"
709,0,3,"Clark, Miss. Clara",female,5.177545445,1,1,83249,100.43,S,3,0,Miss,"(0, 12]"
710,1,3,"Robinson, Mr. Sarah",male,31.006898200000002,3,2,38444,80.29,C,6,0,Mr,"(18, 35]"
711,1,3,"Johnson, Mr. Robert",male,17.31974779,3,1,72835,52.29,C,5,0,Mr,"(12, 18]"
712,0,3,"Anderson, Col. Frank",male,20.84727126,0,2,37379,81.29,C,3,0,Rare,"(18, 35]"
713,0,3,"Brown, Master. Sarah",male,21.66074188,1,0,53642,18.6,S,2,0,Master,"(18, 35]"
714,0,1,"Johnson, Col. Margaret",male,49.2421333,3,0,49739,51.17,S,4,0,Rare,"(35, 60]"
715,0,1,"Clark, Mrs. Emma",female,1.0,3,2,12009,96.21,Q,6,0,Mrs,"(0, 12]"
716,1,1,"Jackson, Miss. John",female,73.92847947,1,0,37762,30.36,S,2,0,Miss,"(60, 80]"
717,1,3,"Harris, Mr. Elizabeth",male,44.78479533,2,2,34906,26.39,S,5,0,Mr,"(35, 60]"
718,1,3,"Jackson, Miss. Thomas",female,33.1253448,3,0,25376,114.34,S,4,0,Miss,"(18, 35]"
719,0,2,"Taylor, Mr. Mary",male,29.23148399,0,1,72773,29.14,S,2,0,Mr,"(18, 35]"
720,1,3,"Clark, Mr. Anna",male,33.99775705,3,2,41797,35.01,S,6,0,Mr,"(18, 35]"
721,1,1,"Martinez, Mr. Anna",male,37.295714,0,1,89220,116.51,S,2,0,Mr,"(35, 60]"
722,0,3,"Smith, Mrs. George",female,39.0330182,0,1,36805,89.49,S,2,0,Mrs,"(35, 60]"
723,0,2,"Garcia, Miss. Alice",female,37.77846252,3,2,61987,85.45,S,6,0,Miss,"(35, 60]"
724,1,1,"Martinez, Col. George",male,31.25412954,3,1,41369,103.09,S,5,0,Rare,"(18, 35]"
725,0,3,"White, Rev. Alice",male,27.23726212,0,2,82362,18.32,Q,3,0,Rare,"(18, 35]"
726,1,2,"Clark, Dr. John",male,27.88217403,1,1,52154,86.18,S,3,0,Rare,"(18, 35]"
727,0,2,"Anderson, Mr. John",male,27.27128408,1,2,47101,62.92,S,4,0,Mr,"(18, 35]"
728,1,2,"Harris, Mrs. George",female,45.87278136,3,2,59894,100.35,C,6,0,Mrs,"(35, 60]"
729,0,3,"Harris, Rev. Martha",male,38.30979411,2,0,71112,63.44,C,3,0,Rare,"(35, 60]"
730,0,3,"Martinez, Master. Charles",male,1.0,1,2,79946,76.33,S,4,0,Master,"(0, 12]"
731,0,2,"Anderson, Miss. Thomas",female,39.18261087,3,2,95029,59.94,C,6,0,Miss,"(35, 60]"
732,1,3,"Taylor, Mr. William",male,32.72630673,1,1,57088,59.99,S,3,0,Mr,"(18, 35]"
733,1,3,"White, Master. Martha",male,29.73807741,2,2,50425,93.32,S,5,0,Master,"(18, 35]"
734,0,2,"Robinson, Mr. Charles",male,24.56074166,3,0,44283,77.29,S,4,0,Mr,"(18, 35]"
735,0,2,"Harris, Master. Martha",male,45.73757808,2,1,57139,77.83,S,4,0,Master,"(35, 60]"
736,1,1,"Martin, Mr. Sarah",male,43.26537047,3,1,77215,56.78,C,5,0,Mr,"(35, 60]"
737,0,1,"Anderson, Mrs. George",female,19.17971265,2,0,75179,66.08,S,3,0,Mrs,"(18, 35]"
738,1,3,"Martin, Master. John",male,35.69873202,1,1,71080,90.76,S,3,0,Master,"(35, 60]"
739,0,1,"Martin, Miss. Thomas",female,16.39680572,1,1,22924,99.98,S,3,0,Miss,"(12, 18]"
740,0,3,"Thompson, Master. Frank",male,31.006898200000002,2,1,71537,85.1,S,4,0,Master,"(18, 35]"
741,0,3,"Harris, Rev. James",male,21.22595886,2,1,51973,111.27,S,4,0,Rare,"(18, 35]"
742,0,1,"Harris, Miss. James",female,28.566028430000003,2,0,36624,99.34,S,3,0,Miss,"(18, 35]"
743,1,3,"Martinez, Dr. Sarah",male,43.34375064,3,0,58589,69.61,S,4,0,Rare,"(35, 60]"
744,0,2,"Smith, Dr. Clara",male,37.18319588,1,1,51015,82.21,C,3,0,Rare,"(35, 60]"
745,0,3,"Smith, Master. Alice",male,31.006898200000002,3,1,64254,111.53,S,5,0,Master,"(18, 35]"
746,1,3,"Thomas, Rev. Elizabeth",male,37.22649602,1,0,15992,76.2,S,2,0,Rare,"(35, 60]"
747,0,3,"Thomas, Miss. John",female,21.01925767,0,0,83731,99.85,C,1,1,Miss,"(18, 35]"
748,0,3,"Thomas, Col. James",male,36.04691563,3,0,39002,84.21,S,4,0,Rare,"(35, 60]"
749,1,1,"Martinez, Mrs. Charles",female,41.20573335,1,1,29126,68.47,S,3,0,Mrs,"(35, 60]"
750,1,3,"Brown, Dr. Anna",male,40.56007862,1,1,12125,32.81,Q,3,0,Rare,"(35, 60]"
751,0,3,"Harris, Mr. Mary",male,46.6447872,3,2,44180,53.99,S,6,0,Mr,"(35, 60]"
752,1,3,"Robinson, Miss. Frank",female,39.91625386,3,0,82523,116.29,S,4,0,Miss,"(35, 60]"
753,1,3,"Garcia, Col. Emma",male,34.92027491,1,1,86550,80.64,S,3,0,Rare,"(18, 35]"
754,0,3,"Martinez, Master. Frank",male,31.006898200000002,3,0,85909,69.91,S,4,0,Master,"(18, 35]"
755,0,1,"Garcia, Mrs. James",female,29.62870237,2,1,64732,112.29,Q,4,0,Mrs,"(18, 35]"
756,1,1,"Smith, Col. Emma",male,17.65375488,3,0,48691,72.45,S,4,0,Rare,"(12, 18]"
757,1,3,"Smith, Miss. Joseph",female,29.19588204,3,1,29976,65.5,C,5,0,Miss,"(18, 35]"
758,0,2,"Clark, Col. Joseph",male,19.57136297,3,2,35715,92.32,C,6,0,Rare,"(18, 35]"
759,1,3,"Clark, Mr. Anna",male,20.54750415,1,2,53236,86.96,S,4,0,Mr,"(18, 35]"
760,1,3,"Jackson, Miss. Sarah",female,27.97673861,2,0,40149,27.21,S,3,0,Miss,"(18, 35]"
761,0,2,"White, Col. Clara",male,18.90612111,0,1,59786,59.2,S,2,0,Rare,"(18, 35]"
762,0,1,"Martinez, Miss. William",female,25.68853859,0,1,84683,59.34,S,2,0,Miss,"(18, 35]"
763,0,3,"Anderson, Rev. Joseph",male,3.489394663,2,0,42208,48.5,S,3,0,Rare,"(0, 12]"
764,1,2,"Robinson, Miss. William",female,32.9861119,2,1,75444,64.49,Q,4,0,Miss,"(18, 35]"
765,0,3,"Anderson, Rev. Anna",male,30.01687666,2,0,82173,52.51,Q,3,0,Rare,"(18, 35]"
766,0,2,"Jackson, Mr. Mary",male,18.56075917,1,1,95800,27.92,S,3,0,Mr,"(18, 35]"
767,1,3,"Clark, Master. Emma",male,39.22943936,0,0,99764,52.42,S,1,1,Master,"(35, 60]"
768,1,1,"Brown, Master. Anna",male,43.12598193,2,1,54245,13.31,C,4,0,Master,"(35, 60]"
769,0,3,"Thomas, Master. Alice",male,7.494161899,1,0,43728,71.22,S,2,0,Master,"(0, 12]"
770,1,3,"Anderson, Col. Sarah",male,19.3218531,0,1,74044,103.17,C,2,0,Rare,"(18, 35]"
771,0,3,"Garcia, Col. James",male,19.2320071,3,2,94108,88.41,S,6,0,Rare,"(18, 35]"
772,1,1,"Jackson, Master. James",male,16.84135658,1,1,74303,46.45,S,3,0,Master,"(12, 18]"
773,0,3,"Harris, Dr. Frank",male,41.61264779,0,0,70401,15.01,C,1,1,Rare,"(35, 60]"
774,0,3,"Johnson, Miss. Anna",female,27.28643406,1,2,32050,28.25,S,4,0,Miss,"(18, 35]"
775,1,1,"Thompson, Mr. Anna",male,26.29679222,0,1,56160,67.73,Q,2,0,Mr,"(18, 35]"
776,0,1,"White, Miss. Robert",female,1.945926898,0,2,32185,28.81,Q,3,0,Miss,"(0, 12]"
777,0,1,"Brown, Dr. Margaret",male,30.369585,3,1,28344,67.56,S,5,0,Rare,"(18, 35]"
778,1,3,"Thomas, Rev. Emma",male,12.65038247,1,2,81636,31.63,S,4,0,Rare,"(12, 18]"
779,1,3,"Garcia, Master. William",male,31.006898200000002,2,0,74004,102.63,S,3,0,Master,"(18, 35]"
780,1,3,"Martin, Col. Mary",male,33.88327713,3,1,34123,50.69,Q,5,0,Rare,"(18, 35]"
781,1,1,"Thompson, Master. Henry",male,49.04922034,3,1,81058,33.24,S,5,0,Master,"(35, 60]"
782,0,2,"Johnson, Col. William",male,11.67651441,0,0,94123,98.42,C,1,1,Rare,"(0, 12]"
783,0,3,"Thomas, Rev. Elizabeth",male,1.0,2,2,17698,44.43,S,5,0,Rare,"(0, 12]"
784,0,3,"Smith, Dr. Frank",male,31.006898200000002,1,0,78674,17.82,S,2,0,Rare,"(18, 35]"
785,0,3,"Thompson, Mrs. Martha",female,55.20715654,2,0,14433,70.6,C,3,0,Mrs,"(35, 60]"
786,1,1,"Smith, Col. Emma",male,47.34524894,2,2,19742,71.88,S,5,0,Rare,"(35, 60]"
787,0,3,"Taylor, Mrs. James",female,29.19588204,2,0,97584,87.19,Q,3,0,Mrs,"(18, 35]"
788,0,2,"Thomas, Col. Mary",male,23.1170934,2,1,16358,32.63,S,4,0,Rare,"(18, 35]"
789,0,2,"Smith, Master. Florence",male,41.29971635,2,1,10836,56.03,S,4,0,Master,"(35, 60]"
790,1,3,"Thompson, Dr. George",male,16.3703532,0,1,64053,37.47,S,2,0,Rare,"(12, 18]"
791,0,3,"Thomas, Master. Mary",male,36.66900877,0,0,28021,14.31,S,1,1,Master,"(35, 60]"
792,0,3,"Martin, Master. James",male,37.07658223,3,1,92667,105.81,S,5,0,Master,"(35, 60]"
793,0,1,"Thomas, Mrs. Sarah",female,44.8429387,0,1,40334,88.82,S,2,0,Mrs,"(35, 60]"
794,0,1,"Thompson, Master. Anna",male,68.63524054,3,1,18908,39.67,S,5,0,Master,"(60, 80]"
795,0,3,"Johnson, Miss. Thomas",female,35.49382354,3,1,29795,73.93,S,5,0,Miss,"(35, 60]"
796,1,3,"White, Mr. Frank",male,31.006898200000002,1,1,11198,28.15,S,3,0,Mr,"(18, 35]"
797,1,2,"Clark, Dr. Elizabeth",male,29.64195963,2,1,38668,107.38,C,4,0,Rare,"(18, 35]"
798,0,1,"Anderson, Dr. Charles",male,5.232937332,0,0,76287,18.21,S,1,1,Rare,"(0, 12]"
799,1,1,"Garcia, Col. Henry",male,30.369585,1,1,69770,5.44,S,3,0,Rare,"(18, 35]"
800,1,3,"Martin, Master. Joseph",male,24.27004587,0,1,58916,62.73,S,2,0,Master,"(18, 35]"
